
-- MySQL dump 10.13  Distrib 8.0.28, for Win64 (x86_64)
--
-- Host: 127.0.0.1    Database: ensino_gameficado
-- ------------------------------------------------------
-- Server version	8.0.28

/*!40101 SET @OLD_CHARACTER_SET_CLIENT=@@CHARACTER_SET_CLIENT */;
/*!40101 SET @OLD_CHARACTER_SET_RESULTS=@@CHARACTER_SET_RESULTS */;
/*!40101 SET @OLD_COLLATION_CONNECTION=@@COLLATION_CONNECTION */;
/*!50503 SET NAMES utf8 */;
/*!40103 SET @OLD_TIME_ZONE=@@TIME_ZONE */;
/*!40103 SET TIME_ZONE='+00:00' */;
/*!40014 SET @OLD_UNIQUE_CHECKS=@@UNIQUE_CHECKS, UNIQUE_CHECKS=0 */;
/*!40014 SET @OLD_FOREIGN_KEY_CHECKS=@@FOREIGN_KEY_CHECKS, FOREIGN_KEY_CHECKS=0 */;
/*!40101 SET @OLD_SQL_MODE=@@SQL_MODE, SQL_MODE='NO_AUTO_VALUE_ON_ZERO' */;
/*!40111 SET @OLD_SQL_NOTES=@@SQL_NOTES, SQL_NOTES=0 */;

--
-- Table structure for table `aulas`
--

DROP TABLE IF EXISTS `aulas`;
/*!40101 SET @saved_cs_client     = @@character_set_client */;
/*!50503 SET character_set_client = utf8mb4 */;
CREATE TABLE `aulas` (
  `ID` int unsigned NOT NULL AUTO_INCREMENT,
  `endereco` varchar(255) NOT NULL,
  `duracao` smallint DEFAULT NULL,
  `fk_Cursos_ID` int unsigned DEFAULT NULL,
  `descricao` varchar(255) NOT NULL,
  `fk_Modulos_ID` int unsigned DEFAULT NULL,
  PRIMARY KEY (`ID`),
  UNIQUE KEY `endereco` (`endereco`),
  KEY `FK_Aulas_3` (`fk_Modulos_ID`),
  KEY `FK_Aulas_2` (`fk_Cursos_ID`),
  CONSTRAINT `FK_Aulas_2` FOREIGN KEY (`fk_Cursos_ID`) REFERENCES `cursos` (`ID`) ON DELETE RESTRICT,
  CONSTRAINT `FK_Aulas_3` FOREIGN KEY (`fk_Modulos_ID`) REFERENCES `modulos` (`ID`) ON DELETE RESTRICT
) ENGINE=InnoDB AUTO_INCREMENT=21 DEFAULT CHARSET=utf8mb4 COLLATE=utf8mb4_0900_ai_ci;
/*!40101 SET character_set_client = @saved_cs_client */;

--
-- Dumping data for table `aulas`
--

LOCK TABLES `aulas` WRITE;
/*!40000 ALTER TABLE `aulas` DISABLE KEYS */;
INSERT INTO `aulas` VALUES (1,'https://youtu.be/sTX0UEplF54',36,1,'História do Java',NULL),(2,'https://youtu.be/ZBKxhnqX-Q0',18,1,'Curso de Java para Iniciantes',NULL),(3,'https://youtu.be/S9uPNppGsGo',29,2,'Seja um Programador',2),(4,'https://youtu.be/Mp0vhMDI7fA',21,2,'Para que serve o Python?',2),(5,'https://youtu.be/Ptbk2af68e8',28,3,'O que o JavaScript é capaz de fazer?',8),(6,'https://youtu.be/rUTKomc2gG8',24,3,'JavaScript: como chegamos até aqui?',9),(7,'https://youtu.be/CbIeFxsfgzk',11,4,'O que vou aprender no curso?',7),(8,'https://youtu.be/5_PrhCeKzNI',18,4,'De onde vem o Raspberry Pi?',6),(9,'https://youtu.be/8mei6uVttho',14,5,'Introdução a Algoritmos',1),(10,'https://youtu.be/M2Af7gkbbro',35,5,'Primeiro Algoritmo',1),(11,'https://youtu.be/jgQjeqGRdgA',7,6,'O que vamos aprender no módulo 01?',5),(12,'https://youtu.be/VfIXgGJWLvA',19,6,'Precisamos fazer um acordo',5),(13,'https://youtu.be/Ofktsne-utM',22,7,'O que é um Banco de Dados?',3),(14,'https://youtu.be/5JbAOWJbgIA',23,7,'Instalando o MySQL com WAMP',4);
/*!40000 ALTER TABLE `aulas` ENABLE KEYS */;
UNLOCK TABLES;
/*!50003 SET @saved_cs_client      = @@character_set_client */ ;
/*!50003 SET @saved_cs_results     = @@character_set_results */ ;
/*!50003 SET @saved_col_connection = @@collation_connection */ ;
/*!50003 SET character_set_client  = utf8mb4 */ ;
/*!50003 SET character_set_results = utf8mb4 */ ;
/*!50003 SET collation_connection  = utf8mb4_0900_ai_ci */ ;
/*!50003 SET @saved_sql_mode       = @@sql_mode */ ;
/*!50003 SET sql_mode              = 'STRICT_TRANS_TABLES,NO_ENGINE_SUBSTITUTION' */ ;
DELIMITER ;;
/*!50003 CREATE*/ /*!50017 DEFINER=`caden`@`%`*/ /*!50003 TRIGGER `sum_tempoAula` AFTER INSERT ON `aulas` FOR EACH ROW update cursos
set duracao =  (select sum(duracao)
			   from aulas
               where cursos.ID = aulas.fk_Cursos_ID) */;;
DELIMITER ;
/*!50003 SET sql_mode              = @saved_sql_mode */ ;
/*!50003 SET character_set_client  = @saved_cs_client */ ;
/*!50003 SET character_set_results = @saved_cs_results */ ;
/*!50003 SET collation_connection  = @saved_col_connection */ ;

--
-- Table structure for table `categorias`
--

DROP TABLE IF EXISTS `categorias`;
/*!40101 SET @saved_cs_client     = @@character_set_client */;
/*!50503 SET character_set_client = utf8mb4 */;
CREATE TABLE `categorias` (
  `ID` int unsigned NOT NULL AUTO_INCREMENT,
  `nome` varchar(255) NOT NULL,
  PRIMARY KEY (`ID`),
  UNIQUE KEY `nome` (`nome`)
) ENGINE=InnoDB AUTO_INCREMENT=9 DEFAULT CHARSET=utf8mb4 COLLATE=utf8mb4_0900_ai_ci;
/*!40101 SET character_set_client = @saved_cs_client */;

--
-- Dumping data for table `categorias`
--

LOCK TABLES `categorias` WRITE;
/*!40000 ALTER TABLE `categorias` DISABLE KEYS */;
INSERT INTO `categorias` VALUES (7,'algoritmo'),(5,'análise de dados'),(3,'banco de dados'),(2,'desktop'),(4,'mobile'),(1,'web'),(8,'web design'),(6,'web scraping');
/*!40000 ALTER TABLE `categorias` ENABLE KEYS */;
UNLOCK TABLES;

--
-- Table structure for table `certificados`
--

DROP TABLE IF EXISTS `certificados`;
/*!40101 SET @saved_cs_client     = @@character_set_client */;
/*!50503 SET character_set_client = utf8mb4 */;
CREATE TABLE `certificados` (
  `ID` int unsigned NOT NULL AUTO_INCREMENT,
  `conclusao` date NOT NULL,
  `fk_Cursos_ID` int unsigned DEFAULT NULL,
  `fk_Usuarios_ID` int unsigned DEFAULT NULL,
  PRIMARY KEY (`ID`),
  KEY `FK_Certificados_3` (`fk_Usuarios_ID`),
  KEY `FK_Certificados_2` (`fk_Cursos_ID`),
  CONSTRAINT `FK_Certificados_2` FOREIGN KEY (`fk_Cursos_ID`) REFERENCES `cursos` (`ID`) ON DELETE CASCADE,
  CONSTRAINT `FK_Certificados_3` FOREIGN KEY (`fk_Usuarios_ID`) REFERENCES `usuarios` (`ID`) ON DELETE CASCADE
) ENGINE=InnoDB AUTO_INCREMENT=52 DEFAULT CHARSET=utf8mb4 COLLATE=utf8mb4_0900_ai_ci;
/*!40101 SET character_set_client = @saved_cs_client */;

--
-- Dumping data for table `certificados`
--

LOCK TABLES `certificados` WRITE;
/*!40000 ALTER TABLE `certificados` DISABLE KEYS */;
INSERT INTO `certificados` VALUES (1,'2022-03-31',3,561),(2,'2017-09-19',5,715),(3,'2013-10-27',5,448),(4,'2010-04-19',4,627),(5,'2019-07-22',1,404),(6,'2017-06-23',7,617),(7,'2011-03-23',6,359),(8,'2016-03-01',6,263),(9,'2022-01-19',4,665),(10,'2015-11-12',1,281),(11,'2012-03-20',6,771),(12,'2015-10-08',4,313),(13,'2010-11-16',1,743),(14,'2013-08-30',4,491),(15,'2020-02-23',7,136),(16,'2021-04-14',2,840),(17,'2021-05-10',4,603),(18,'2011-01-16',2,44),(19,'2018-06-02',7,399),(20,'2022-04-26',7,203),(21,'2019-08-22',1,441),(22,'2013-03-21',2,639),(23,'2016-10-02',3,275),(24,'2013-09-28',7,532),(25,'2015-08-03',3,511),(26,'2020-12-28',3,142),(27,'2021-10-28',2,174),(28,'2012-01-20',1,97),(29,'2013-11-11',3,783),(30,'2012-08-10',1,924),(31,'2015-08-25',4,971),(32,'2018-01-14',4,826),(33,'2018-03-17',5,99),(34,'2012-05-11',5,840),(35,'2019-02-06',1,974),(36,'2016-01-19',7,892),(37,'2018-10-23',1,724),(38,'2020-04-30',7,683),(39,'2011-09-14',4,36),(40,'2020-08-08',2,553),(41,'2014-08-01',6,19),(42,'2016-07-13',4,272),(43,'2015-02-03',3,918),(44,'2010-11-06',4,834),(45,'2017-02-13',6,340),(46,'2013-10-11',2,582),(47,'2018-08-18',6,437),(48,'2021-02-04',5,679),(49,'2014-11-14',1,936),(50,'2013-11-04',3,95),(51,'2020-02-17',6,347);
/*!40000 ALTER TABLE `certificados` ENABLE KEYS */;
UNLOCK TABLES;

--
-- Table structure for table `cursos`
--

DROP TABLE IF EXISTS `cursos`;
/*!40101 SET @saved_cs_client     = @@character_set_client */;
/*!50503 SET character_set_client = utf8mb4 */;
CREATE TABLE `cursos` (
  `ID` int unsigned NOT NULL AUTO_INCREMENT,
  `nome` varchar(255) NOT NULL,
  `duracao` int unsigned DEFAULT NULL,
  `descricao` varchar(255) NOT NULL,
  PRIMARY KEY (`ID`),
  UNIQUE KEY `nome` (`nome`)
) ENGINE=InnoDB AUTO_INCREMENT=8 DEFAULT CHARSET=utf8mb4 COLLATE=utf8mb4_0900_ai_ci;
/*!40101 SET character_set_client = @saved_cs_client */;

--
-- Dumping data for table `cursos`
--

LOCK TABLES `cursos` WRITE;
/*!40000 ALTER TABLE `cursos` DISABLE KEYS */;
INSERT INTO `cursos` VALUES (1,'Java',54,'Curso didático e completo para quem quer aprender Java de uma maneira simples e objetiva.'),(2,'Python 3',50,'Curso que introduz a linguagem, seus conceitos e ensina alguns recursos básicos e intermediários.'),(3,'JavaScript',52,'Curso de JavaScript, voltado para iniciantes sobre ECMAScript, a versão padronizada do JS.'),(4,'Raspberry Pi',29,'Curso voltado para o aprendizado da tecnologia mobile utilizando o Raspberry Pi.'),(5,'Visualg',49,'Curso de introdução a algoritmos de programação utilizando o interpretador de algoritmos Visualg.'),(6,'HTML e CSS',26,'Curso avançado de HTML e CSS. Visando aprimorar ainda mais o conhecimento micro dessas tecnologias.'),(7,'MySQL',45,'Veja como criar um Banco de Dados de maneira simples e interativa com o professor Guanabara.');
/*!40000 ALTER TABLE `cursos` ENABLE KEYS */;
UNLOCK TABLES;

--
-- Table structure for table `cursos_categorias`
--

DROP TABLE IF EXISTS `cursos_categorias`;
/*!40101 SET @saved_cs_client     = @@character_set_client */;
/*!50503 SET character_set_client = utf8mb4 */;
CREATE TABLE `cursos_categorias` (
  `ID` int unsigned NOT NULL AUTO_INCREMENT,
  `fk_Cursos_ID` int unsigned DEFAULT NULL,
  `fk_Categorias_ID` int unsigned DEFAULT NULL,
  PRIMARY KEY (`ID`),
  KEY `FK_cursos_categorias_2` (`fk_Categorias_ID`),
  KEY `FK_cursos_categorias_1` (`fk_Cursos_ID`),
  CONSTRAINT `FK_cursos_categorias_1` FOREIGN KEY (`fk_Cursos_ID`) REFERENCES `cursos` (`ID`) ON DELETE RESTRICT,
  CONSTRAINT `FK_cursos_categorias_2` FOREIGN KEY (`fk_Categorias_ID`) REFERENCES `categorias` (`ID`) ON DELETE RESTRICT
) ENGINE=InnoDB AUTO_INCREMENT=10 DEFAULT CHARSET=utf8mb4 COLLATE=utf8mb4_0900_ai_ci;
/*!40101 SET character_set_client = @saved_cs_client */;

--
-- Dumping data for table `cursos_categorias`
--

LOCK TABLES `cursos_categorias` WRITE;
/*!40000 ALTER TABLE `cursos_categorias` DISABLE KEYS */;
INSERT INTO `cursos_categorias` VALUES (1,1,2),(2,2,5),(3,2,6),(4,3,1),(5,4,4),(6,5,7),(7,6,1),(8,6,8),(9,7,3);
/*!40000 ALTER TABLE `cursos_categorias` ENABLE KEYS */;
UNLOCK TABLES;

--
-- Table structure for table `exercicios`
--

DROP TABLE IF EXISTS `exercicios`;
/*!40101 SET @saved_cs_client     = @@character_set_client */;
/*!50503 SET character_set_client = utf8mb4 */;
CREATE TABLE `exercicios` (
  `ID` int unsigned NOT NULL AUTO_INCREMENT,
  `fk_Usuarios_ID` int unsigned DEFAULT NULL,
  `fk_Cursos_ID` int unsigned DEFAULT NULL,
  `nome` varchar(255) NOT NULL,
  `acertos` tinyint unsigned NOT NULL,
  `quant_questoes` tinyint unsigned NOT NULL,
  PRIMARY KEY (`ID`),
  UNIQUE KEY `nome` (`nome`),
  KEY `FK_Exercicios_2` (`fk_Usuarios_ID`),
  KEY `FK_Exercicios_3` (`fk_Cursos_ID`),
  CONSTRAINT `FK_Exercicios_2` FOREIGN KEY (`fk_Usuarios_ID`) REFERENCES `usuarios` (`ID`) ON DELETE CASCADE,
  CONSTRAINT `FK_Exercicios_3` FOREIGN KEY (`fk_Cursos_ID`) REFERENCES `cursos` (`ID`) ON DELETE CASCADE
) ENGINE=InnoDB AUTO_INCREMENT=12 DEFAULT CHARSET=utf8mb4 COLLATE=utf8mb4_0900_ai_ci;
/*!40101 SET character_set_client = @saved_cs_client */;

--
-- Dumping data for table `exercicios`
--

LOCK TABLES `exercicios` WRITE;
/*!40000 ALTER TABLE `exercicios` DISABLE KEYS */;
INSERT INTO `exercicios` VALUES (1,439,5,'Estrutura de repetição.',14,20),(2,453,7,'Exercício sobre DML.',24,30),(3,665,7,'Exercício sobre DDL.',7,10),(4,302,1,'Questionário sobre declaração de variáveis.',19,25),(5,339,2,'Avaliação sobre web scraping utilizando Python 3.',21,35),(6,193,7,'Questionário sobre CRUD.',16,16),(7,842,2,'Questões sobre  tuplas, listas e dicionários.',29,30),(8,150,7,'Atividade sobre transações (DTL).',12,15),(9,951,1,'Atividade envolvendo estrura de repetição for.',30,30),(10,698,5,'Lista sobre vetores e matrizes.',16,21),(11,1,3,'Perguntas sobre ECMAscript.',14,20);
/*!40000 ALTER TABLE `exercicios` ENABLE KEYS */;
UNLOCK TABLES;
/*!50003 SET @saved_cs_client      = @@character_set_client */ ;
/*!50003 SET @saved_cs_results     = @@character_set_results */ ;
/*!50003 SET @saved_col_connection = @@collation_connection */ ;
/*!50003 SET character_set_client  = utf8mb4 */ ;
/*!50003 SET character_set_results = utf8mb4 */ ;
/*!50003 SET collation_connection  = utf8mb4_0900_ai_ci */ ;
/*!50003 SET @saved_sql_mode       = @@sql_mode */ ;
/*!50003 SET sql_mode              = 'STRICT_TRANS_TABLES,NO_ENGINE_SUBSTITUTION' */ ;
DELIMITER ;;
/*!50003 CREATE*/ /*!50017 DEFINER=`caden`@`%`*/ /*!50003 TRIGGER `sum_estrelas` AFTER INSERT ON `exercicios` FOR EACH ROW update usuarios
set estrelas = (select sum(acertos)
				from exercicios
                where usuarios.ID = exercicios.fk_Usuarios_ID) */;;
DELIMITER ;
/*!50003 SET sql_mode              = @saved_sql_mode */ ;
/*!50003 SET character_set_client  = @saved_cs_client */ ;
/*!50003 SET character_set_results = @saved_cs_results */ ;
/*!50003 SET collation_connection  = @saved_col_connection */ ;

--
-- Table structure for table `modulos`
--

DROP TABLE IF EXISTS `modulos`;
/*!40101 SET @saved_cs_client     = @@character_set_client */;
/*!50503 SET character_set_client = utf8mb4 */;
CREATE TABLE `modulos` (
  `ID` int unsigned NOT NULL AUTO_INCREMENT,
  `titulo` varchar(255) NOT NULL,
  `numero` varchar(5) NOT NULL,
  PRIMARY KEY (`ID`)
) ENGINE=InnoDB AUTO_INCREMENT=10 DEFAULT CHARSET=utf8mb4 COLLATE=utf8mb4_0900_ai_ci;
/*!40101 SET character_set_client = @saved_cs_client */;

--
-- Dumping data for table `modulos`
--

LOCK TABLES `modulos` WRITE;
/*!40000 ALTER TABLE `modulos` DISABLE KEYS */;
INSERT INTO `modulos` VALUES (1,'O que é programação de softwares','1'),(2,'Preparando o ambiente','1'),(3,'Introdução ao Banco de Dados','1'),(4,'Instalando os recursos necessários','2'),(5,'Redes de Internet','1'),(6,'Programação Embarcada','3'),(7,'Python em pesquenos sistemas','1'),(8,'Programação para Hipertextos','1'),(9,'Códigos iniciais com JavaScript','2');
/*!40000 ALTER TABLE `modulos` ENABLE KEYS */;
UNLOCK TABLES;

--
-- Temporary view structure for view `ranking`
--

DROP TABLE IF EXISTS `ranking`;
/*!50001 DROP VIEW IF EXISTS `ranking`*/;
SET @saved_cs_client     = @@character_set_client;
/*!50503 SET character_set_client = utf8mb4 */;
/*!50001 CREATE VIEW `ranking` AS SELECT 
 1 AS `nome`,
 1 AS `estrelas`*/;
SET character_set_client = @saved_cs_client;

--
-- Table structure for table `usuarios`
--

DROP TABLE IF EXISTS `usuarios`;
/*!40101 SET @saved_cs_client     = @@character_set_client */;
/*!50503 SET character_set_client = utf8mb4 */;
CREATE TABLE `usuarios` (
  `ID` int unsigned NOT NULL AUTO_INCREMENT,
  `nome` varchar(255) NOT NULL,
  `estrelas` int unsigned DEFAULT NULL,
  `email` varchar(255) NOT NULL,
  `senha` char(32) NOT NULL,
  PRIMARY KEY (`ID`),
  UNIQUE KEY `email` (`email`),
  KEY `userName` (`nome`),
  KEY `userStars` (`estrelas`)
) ENGINE=InnoDB AUTO_INCREMENT=1003 DEFAULT CHARSET=utf8mb4 COLLATE=utf8mb4_0900_ai_ci;
/*!40101 SET character_set_client = @saved_cs_client */;

--
-- Dumping data for table `usuarios`
--

LOCK TABLES `usuarios` WRITE;
/*!40000 ALTER TABLE `usuarios` DISABLE KEYS */;
INSERT INTO `usuarios` VALUES (1,'Sigismond Michelin',14,'smichelin0@photobucket.com','db343e8735367bc1cc3944a0a1b3b20e'),(2,'Janel Chippin',NULL,'jchippin1@jiathis.com','c63c3ff410ed612604436785f86f2742'),(3,'Blinni Colkett',NULL,'bcolkett2@amazon.de','d9e17c902b0e612b479d58832988d54b'),(4,'Veronique Lau',NULL,'vlau3@nih.gov','ee6bc7e3c30f8f10fb54f0dbaccd2d7e'),(5,'Florri Handforth',NULL,'fhandforth4@goo.ne.jp','c94b5dc77338fd249f5a6944227fa0bf'),(6,'Linnell Boyde',NULL,'lboyde5@fotki.com','de990466d9b05f590c71133ecd56f7fc'),(7,'Kala Andell',NULL,'kandell6@mail.ru','d4a6f9c3d05b4ef17894608907854cfb'),(8,'Gerladina Budget',NULL,'gbudget7@theglobeandmail.com','71ad5a6da351a5faf41584ca83092a48'),(9,'Nathalia Gunter',NULL,'ngunter8@house.gov','9c93d1932c7b0b9c0a291a16d126d98c'),(10,'Trixi Brimman',NULL,'tbrimman9@digg.com','6c06f28524c5c292991bdcabec811b8a'),(11,'Curt MacQuarrie',NULL,'cmacquarriea@illinois.edu','38119f187d5f1342e6b5387eb82ecee0'),(12,'Beale McFee',NULL,'bmcfeeb@slashdot.org','1493a3df3d10315776c009b737ff4eb4'),(13,'Allyson Philliskirk',NULL,'aphilliskirkc@stanford.edu','332b3ca744e68565dbe7fc2d7ce7ed8b'),(14,'Con Taffarello',NULL,'ctaffarellod@nytimes.com','4688a3db9f50c650ad55ac293b27a1e8'),(15,'Carmelia Farebrother',NULL,'cfarebrothere@ihg.com','407155b4bab364c47753538e3afa765c'),(16,'Lem Giuroni',NULL,'lgiuronif@icio.us','b8de42c8e73f6823afb3c76fd4430c9f'),(17,'Marget Ladon',NULL,'mladong@apple.com','6e4acefb5e267c73d846b0500933222d'),(18,'Hamlen Madgwick',NULL,'hmadgwickh@mit.edu','fadf58b056609a0edb95e1b88cde9889'),(19,'Richie McGaugan',NULL,'rmcgaugani@salon.com','1ee044d509a31d008a73e3db1211e8e5'),(20,'Amalia Winn',NULL,'awinnj@who.int','c323dd27104f6dc1fb1ae71225a3c9dd'),(21,'Jenny Donisi',NULL,'jdonisik@icio.us','139f99fac5356a9611dbb2bb8392bbee'),(22,'Em Ramsby',NULL,'eramsbyl@imageshack.us','bd915935b702a53aefa7369eeffe80a8'),(23,'Koren Petris',NULL,'kpetrism@behance.net','2c19d14ae58de85cbf8454ed319f220a'),(24,'Angelo Haburne',NULL,'ahaburnen@hibu.com','dfa4809bb6683eb664c260a331afac64'),(25,'Steve Gook',NULL,'sgooko@apple.com','5d984a39a2a8f6cdf7b972aec7162023'),(26,'Oralie Backshaw',NULL,'obackshawp@surveymonkey.com','fb08e20d5a2282628d15e0e634de6b94'),(27,'Annemarie Lothean',NULL,'alotheanq@europa.eu','9f5ca98fd2c4921c32516689ac6c3874'),(28,'Robbie Rawlyns',NULL,'rrawlynsr@disqus.com','ed374a318d9b03bb45ed303508927b61'),(29,'Enrique Scryne',NULL,'escrynes@mit.edu','1db8220f8171b7ad3009e8e233483254'),(30,'Ingmar Tocher',NULL,'itochert@yandex.ru','fe6cb90c3a70053542e96d24d99bacb1'),(31,'Ronna Crippen',NULL,'rcrippenu@time.com','af470f74b263c5c4c81fcea1e7863a1d'),(32,'Breanne Ridgeway',NULL,'bridgewayv@apache.org','ba7e3ae3c487d6e2918bef1d5f7b32bf'),(33,'Norbie Rossey',NULL,'nrosseyw@ifeng.com','990bcf96fb75ad675e2926a11812b353'),(34,'Emalia Rendall',NULL,'erendallx@prlog.org','1a973af945e8c660a27a6bcae950be82'),(35,'Prisca Findlater',NULL,'pfindlatery@xing.com','b4556339f5a3f4d695163afe3a6e629c'),(36,'Ambrose Breache',NULL,'abreachez@tripadvisor.com','7d643a6d7c9b485da5d06a8fe2793292'),(37,'Averill Patemore',NULL,'apatemore10@dailymail.co.uk','8e8c6d09d2848eb68913e1ac6e71a5c0'),(38,'Kynthia Kumaar',NULL,'kkumaar11@npr.org','37a221b5817d0519e98c6f9c585dd086'),(39,'Kimble Crohan',NULL,'kcrohan12@privacy.gov.au','c287598b4af008f6ed144369ea932a8c'),(40,'Natty Lydden',NULL,'nlydden13@tinyurl.com','877f414406e3e6e1006a2c4ffa59e552'),(41,'Shelly Carhart',NULL,'scarhart14@abc.net.au','720d77a7000d03334889203d55ee9264'),(42,'Jacinda Gehricke',NULL,'jgehricke15@tinypic.com','42795cab580e03e19796d26ad5a92f0a'),(43,'Niki Pavlenkov',NULL,'npavlenkov16@infoseek.co.jp','7657afcc11c6d9cefb74f80cc750e405'),(44,'Sandra Dello',NULL,'sdello17@oracle.com','fae846496f5edccec9ec5f8972addb8a'),(45,'Brittan Saffon',NULL,'bsaffon18@technorati.com','d69056233cb9fe3a5d09fe3572c428cf'),(46,'Dorree Hakeworth',NULL,'dhakeworth19@imgur.com','3265de4c3d303a3a226f67bf7e586163'),(47,'Gustave Rollinson',NULL,'grollinson1a@icq.com','d1e040819df1568cccccd09600188b0d'),(48,'Veronika Rosiello',NULL,'vrosiello1b@furl.net','933bc7f645524fbdd7b50b7fef5a33e2'),(49,'Hermione Salman',NULL,'hsalman1c@amazonaws.com','d5460836c593e3b7b6d51e35abf112b6'),(50,'Khalil Livett',NULL,'klivett1d@list-manage.com','1c28d0d933370d55f8566ff833e97318'),(51,'Dierdre Wormald',NULL,'dwormald1e@sbwire.com','6880999fca3f61d6b3a82c8ac457f7df'),(52,'Glenna Kembrey',NULL,'gkembrey1f@cnbc.com','52f0dc0e6599e0ad318c6ce02f4c0207'),(53,'Westbrooke Kuschek',NULL,'wkuschek1g@elpais.com','bf95e20139b4a15c7f57dd4cb1163be4'),(54,'Tanner Randle',NULL,'trandle1h@state.gov','3555bbdf938710ced07d69685ac68245'),(55,'Ianthe Willshere',NULL,'iwillshere1i@msu.edu','5baac15a203c3509a1ddac80aa3b2624'),(56,'Inglis McGlew',NULL,'imcglew1j@vistaprint.com','5b257eea2a4e0a6d5bc57b23da7bbeb8'),(57,'Renell Bourgour',NULL,'rbourgour1k@cnet.com','f93e04831a7036ea6584a496d708c69e'),(58,'Urban Richley',NULL,'urichley1l@flickr.com','f1f3db50f77bc87e89bf719491c45855'),(59,'Idalia Bayfield',NULL,'ibayfield1m@t-online.de','95692d46e970db26a190c3bcf0d87956'),(60,'Marinna Culham',NULL,'mculham1n@digg.com','03bea9cdbcc6977eb0879797a663e46e'),(61,'Gene Veivers',NULL,'gveivers1o@yale.edu','d68844b8766db5ff47726226522a7532'),(62,'Karlene Wisby',NULL,'kwisby1p@t.co','711b8f14c584fa038febe0a9ca647f85'),(63,'Dayle Whitley',NULL,'dwhitley1q@twitter.com','3816db7a46cb3d26a546987a245eff7f'),(64,'Jessee Belmont',NULL,'jbelmont1r@bigcartel.com','56a565496987fa7429d80f1fbd20ea06'),(65,'Kristo O\'Neil',NULL,'koneil1s@t.co','ae59f89d3954fa1a9ea0d649be28b373'),(66,'Mag Kneale',NULL,'mkneale1t@craigslist.org','7ac1ad7d2684f6140d94974affcae327'),(67,'Stirling McNelis',NULL,'smcnelis1u@posterous.com','4f10bae93adffdd83adced4e29b5c935'),(68,'Lesly von Nassau',NULL,'lvon1v@webs.com','f900042aec1ec172724fc40a3abdc495'),(69,'Ralf Chetwynd',NULL,'rchetwynd1w@wired.com','acf0bb6d48517439b8f096058ffc8107'),(70,'Deane Gosson',NULL,'dgosson1x@fda.gov','983708eee7b89e15397c01316d1f9981'),(71,'Leeanne Eskell',NULL,'leskell1y@com.com','26256a4587030eb3a29983531e2abc0b'),(72,'Patrice Grassick',NULL,'pgrassick1z@wikispaces.com','01959e9621f1c32248cb3fc2adc91f6c'),(73,'Hanan Lorenzetto',NULL,'hlorenzetto20@cmu.edu','775b99440b225b80c1bb885186347f18'),(74,'Birgitta Cow',NULL,'bcow21@gnu.org','3b6d56c14c577b49b1d15a2d55344dd8'),(75,'Claudine Doerr',NULL,'cdoerr22@salon.com','bbe1d2c919fbb5ed316d8ad762d9d2b1'),(76,'Nana Mynett',NULL,'nmynett23@home.pl','45de2daf10d8585260669b251e2bce69'),(77,'Cherrita Gieves',NULL,'cgieves24@networkadvertising.org','6d4bbfffa3fc2d3d98ac8b2abbc23ff8'),(78,'Perice Mockford',NULL,'pmockford25@ox.ac.uk','2baee4b9d0aeffdc4693f6709fa1a9db'),(79,'Rafaelita O\'Shirine',NULL,'roshirine26@issuu.com','f950987a0ac5441c801259fb9340ee18'),(80,'Salvatore Winstanley',NULL,'swinstanley27@google.fr','3772179b32e7edc29575df256e830e1f'),(81,'Salomo Paulisch',NULL,'spaulisch28@youtu.be','20c529ea2bec444bf2068b4b0d981382'),(82,'Cari Erickssen',NULL,'cerickssen29@gizmodo.com','86af494f7da7e71f6f2a30d41a125bdd'),(83,'Ernest Gourdon',NULL,'egourdon2a@cmu.edu','71b5284a2d95c4c4ff1ac17572287598'),(84,'Culver Ruggieri',NULL,'cruggieri2b@domainmarket.com','ada255ecf22c170d6a2200059e96c70c'),(85,'Harland Paoletti',NULL,'hpaoletti2c@qq.com','08b68a24d213e826bae8ebdcd57d160e'),(86,'Coretta Stilly',NULL,'cstilly2d@cdbaby.com','9ee4ae3d3ce25d4ba3c26cf226c12938'),(87,'Teador Patington',NULL,'tpatington2e@mac.com','bed59c408900cb5781f32022b4100a3e'),(88,'Montague Riccard',NULL,'mriccard2f@vimeo.com','b93f29b3c9e8fe4d4b930a690489ba98'),(89,'Corbet Babinski',NULL,'cbabinski2g@gov.uk','4468aa2aaf932301d1354db853aad793'),(90,'Freedman Farlam',NULL,'ffarlam2h@istockphoto.com','82df4de552af87429a27695d4bb5f97f'),(91,'Heall Kernaghan',NULL,'hkernaghan2i@google.com.au','9821e903b6aab9fec66293980dd13e0e'),(92,'Zacharias Bourdas',NULL,'zbourdas2j@creativecommons.org','59358eb85726b7726b839e9257925371'),(93,'Isidora Sandiford',NULL,'isandiford2k@bloglines.com','4346334be0e5f4249d0f513d47578675'),(94,'Collie Shawley',NULL,'cshawley2l@google.pl','f45612a0639001e7072a39c343f9991f'),(95,'Aloisia Sangar',NULL,'asangar2m@t-online.de','b6909e53843e8138474b6076f6d33f80'),(96,'Delbert McKall',NULL,'dmckall2n@blogspot.com','a087151224d4573e9db48132225568f5'),(97,'Ami Bromont',NULL,'abromont2o@wikia.com','04e918c24851f40ccc625e8165c19126'),(98,'Aliza Braban',NULL,'abraban2p@xinhuanet.com','32ed08b3dded4503f986cff866f9bbdb'),(99,'Ross Robarts',NULL,'rrobarts2q@google.nl','9b5d98dc7ec34d22df5032b563d50c97'),(100,'Brittaney Preddle',NULL,'bpreddle2r@liveinternet.ru','a853adfeed89ee32297a3edfaf9e229b'),(101,'Odey Gilmartin',NULL,'ogilmartin2s@ow.ly','27dd858a95d54c185b04c1bbeec431ed'),(102,'Willard Scrine',NULL,'wscrine2t@ustream.tv','21cea9a2c6ec3c69adf85524e07c8412'),(103,'Malchy Hounsom',NULL,'mhounsom2u@google.co.jp','965ade0b17ce29ee8de97afb902a2499'),(104,'Zed Bowdler',NULL,'zbowdler2v@tinyurl.com','faa0f2b2343994b944db9d9e77e02575'),(105,'Shayne Hembling',NULL,'shembling2w@cocolog-nifty.com','b3c0249bd6f7593f3af808b7087c2028'),(106,'Zorina Dufour',NULL,'zdufour2x@cpanel.net','32dd2ba67b4a2d5c85e2ee2a098a5c75'),(107,'Jenny Kaley',NULL,'jkaley2y@dyndns.org','ff20221c8abbfb1db208fc81ba75bc59'),(108,'Milka Dellenbroker',NULL,'mdellenbroker2z@t.co','40b1b7640fd1ef26eb12597f9b14fab5'),(109,'Windham Turk',NULL,'wturk30@pinterest.com','deb22752bb3548e2d69a34c7a41cf030'),(110,'Rustin Klimaszewski',NULL,'rklimaszewski31@discuz.net','87a216a26d951ca952711fb7d0d4a528'),(111,'Kata Withringten',NULL,'kwithringten32@nbcnews.com','dea9093c6e79fd8b78409f8ee317448c'),(112,'Felicia Marquis',NULL,'fmarquis33@google.cn','447e4ea08fca583223488909743054f7'),(113,'Meg Passy',NULL,'mpassy34@globo.com','ee8438815087935f005374d1602ca418'),(114,'Codie Scammell',NULL,'cscammell35@istockphoto.com','0bd8d27cfe80f6018d0d8ca0d7b74634'),(115,'Giulio But',NULL,'gbut36@domainmarket.com','dcf8cde8d04391543ea24d20f51017d8'),(116,'Kienan Melchior',NULL,'kmelchior37@sciencedirect.com','bda1201b5f57c0fb455925e8028001bd'),(117,'Klara Kerton',NULL,'kkerton38@patch.com','9c2437663fb374096d56111c729dc76c'),(118,'Olive Wickrath',NULL,'owickrath39@accuweather.com','59096a601d94ba8f01ff333460e58e3f'),(119,'Enoch Brader',NULL,'ebrader3a@icio.us','20dfec3c5a292008cc4d20964ccd5d94'),(120,'Marrissa Rolfini',NULL,'mrolfini3b@twitter.com','bbb90692bf863168234cb8361cc37bff'),(121,'Kara-lynn Whitby',NULL,'kwhitby3c@surveymonkey.com','16779f83c05a41040d4c71d10257d2f4'),(122,'Pooh Itskovitz',NULL,'pitskovitz3d@themeforest.net','da76d4f42684e233566c9588745dfa5f'),(123,'Karee Rove',NULL,'krove3e@google.fr','bb49d5744a1e5b9a8115a8ffb1fa8e85'),(124,'Issie Morrow',NULL,'imorrow3f@51.la','a21453ee889f0276c17d715a205ec501'),(125,'Cassi Miettinen',NULL,'cmiettinen3g@berkeley.edu','494d59ddd530fbaee1b421ef31360191'),(126,'Alasteir Durtnal',NULL,'adurtnal3h@wix.com','63b9dbc3bc014eaedbd318ca35bc0552'),(127,'Keefer Hise',NULL,'khise3i@e-recht24.de','7d21a30564ecfec235d30822eff31992'),(128,'Evelina Dufty',NULL,'edufty3j@tiny.cc','15dfa221c845f4bc7aee62ddaa4d8fb1'),(129,'Rosene Twinning',NULL,'rtwinning3k@ovh.net','b4db8983b3416cb73d76eb92567a43ca'),(130,'Keir McKibbin',NULL,'kmckibbin3l@springer.com','07548060a9b18c1ac0501603d42a33a3'),(131,'Frazer Calderon',NULL,'fcalderon3m@123-reg.co.uk','48e6df7e4f1aec1c9bdd38cc3bd3c126'),(132,'Claretta Denial',NULL,'cdenial3n@dmoz.org','6f8b75f8aa2de2905f1eb09b3757e496'),(133,'Richmound Baumer',NULL,'rbaumer3o@netscape.com','08705286f01073233c4f0dd820bd823c'),(134,'Andrus Crabtree',NULL,'acrabtree3p@earthlink.net','781d264d0a1c12c74ac9e231683cc62e'),(135,'Keefer Burgum',NULL,'kburgum3q@guardian.co.uk','a988b9856e29b085b485dbcfae9e3935'),(136,'Rowney Farnham',NULL,'rfarnham3r@forbes.com','4ce73535d0d4a0007fd3fc54964af8bc'),(137,'Antonia Bugs',NULL,'abugs3s@homestead.com','ec5bc435505d96b8537a68b9febf1460'),(138,'Merrilee Shipley',NULL,'mshipley3t@1und1.de','f64792d4e8512f16641df9a5e028cd07'),(139,'Richardo Wallbridge',NULL,'rwallbridge3u@baidu.com','93201680741191a8ac569879de06cfc6'),(140,'Cristin Synnott',NULL,'csynnott3v@census.gov','b2e382d564926ca1d08082ede3ac1064'),(141,'Dedie Corcut',NULL,'dcorcut3w@ftc.gov','20953cd5ea4f8e3a866599409d327833'),(142,'Randie Newton',NULL,'rnewton3x@google.pl','981a61d14ddff622699521598be47b63'),(143,'Care Hakking',NULL,'chakking3y@ask.com','1c6485567426d5839e8bb00bb87dcb21'),(144,'Jaynell Arminger',NULL,'jarminger3z@facebook.com','e9c76a5afe2759082d2ef8e655b0a8b8'),(145,'Margareta McIlriach',NULL,'mmcilriach40@china.com.cn','af1df996a153d110904b3a91ea849c9f'),(146,'Eadmund Churly',NULL,'echurly41@squidoo.com','a6fecf7611b19982b44e370674658b30'),(147,'Ketti Mangenot',NULL,'kmangenot42@fastcompany.com','cdcb894ce80eff28aa96039d536c3d97'),(148,'Gwendolin O\'Gavin',NULL,'gogavin43@1688.com','b279c4bb34e634bcb21cb4dbc4bb1294'),(149,'Benny Meffin',NULL,'bmeffin44@domainmarket.com','a565ddefc6c8dc038cec5b9f6fc363e1'),(150,'Rocky Najara',12,'rnajara45@woothemes.com','2155637444f3063240968abd8637e9cd'),(151,'Leroi Ivanilov',NULL,'livanilov46@amazon.co.uk','6c529d513f80859d7ee5a2b4ea5ee756'),(152,'Marie Devlin',NULL,'mdevlin47@rakuten.co.jp','58265b8d52d020864cce5ee59e300a7e'),(153,'Ward Hickisson',NULL,'whickisson48@guardian.co.uk','15552ec4edd6fa0fc87181646b950fd7'),(154,'Liam Kersting',NULL,'lkersting49@netvibes.com','25393f6dcf501e23b20546aa860345ee'),(155,'Betti Edel',NULL,'bedel4a@fda.gov','1ed0c5df47e37edf05516424a06873ba'),(156,'Audrye Underhill',NULL,'aunderhill4b@narod.ru','4bc2225882445fb4533f25b1915f383e'),(157,'Pietra Brodnecke',NULL,'pbrodnecke4c@clickbank.net','2353c47d8cc04fe14a8783ee429075ec'),(158,'Krisha Weaben',NULL,'kweaben4d@elegantthemes.com','4e8707ecff1eb10d82adf88b127232fd'),(159,'Emyle Thowes',NULL,'ethowes4e@imdb.com','cf56689cf98f440d595e9aff5bf5946e'),(160,'Loleta Sebastian',NULL,'lsebastian4f@pagesperso-orange.fr','5ce9ac46d95a7b85e233d44f290565e9'),(161,'Willa Lythgoe',NULL,'wlythgoe4g@tripod.com','debaf8277da372de07278f5db2492735'),(162,'Persis Irwin',NULL,'pirwin4h@posterous.com','5d37cae41920da24b0f19005733907a7'),(163,'Billi Ferran',NULL,'bferran4i@wired.com','73b3085544e621512f8ae0a31a0be74c'),(164,'Gwennie Cabbell',NULL,'gcabbell4j@weebly.com','eb1970704279bc030c350c71a1acca32'),(165,'Lorianna Tryhorn',NULL,'ltryhorn4k@miitbeian.gov.cn','7b79cceeae56d1058e80af48a938ff8e'),(166,'Rutledge Japp',NULL,'rjapp4l@naver.com','9bbe17ba1d20cbf76a6d2d4c83a2cbc8'),(167,'Gannon Adamo',NULL,'gadamo4m@tuttocitta.it','9db215b7203a8a957980247e8aee2f2c'),(168,'Jesus Austick',NULL,'jaustick4n@psu.edu','0a9b895e8c45f7c57e72885fd4a7a87e'),(169,'Cacilia Gask',NULL,'cgask4o@cyberchimps.com','e29d374f0c4fcd692806c29639be5d56'),(170,'Briana Handrek',NULL,'bhandrek4p@washingtonpost.com','b298e3f80c26e7be11949b6bf964cdf2'),(171,'Mitch Corryer',NULL,'mcorryer4q@blog.com','3523048f4d91572ff22b02d9abae7a64'),(172,'Napoleon Roycroft',NULL,'nroycroft4r@wix.com','3118c1cf1c7c9561d132aab9f6e97c66'),(173,'Marlee Phette',NULL,'mphette4s@nymag.com','dd225ec947264221dadaf1bfecc6b677'),(174,'Mike Cathersides',NULL,'mcathersides4t@wikipedia.org','807a07af4885b0d0f4549289e25b4fd4'),(175,'Thatcher Gargett',NULL,'tgargett4u@barnesandnoble.com','406d758f43be4607f31c13db7fce8d03'),(176,'Katerina McShea',NULL,'kmcshea4v@wsj.com','39f01afe48d90b8d7ab1ad0ff06a842f'),(177,'Barclay Brabyn',NULL,'bbrabyn4w@spotify.com','c8aae4b05d94fc2934629034cbd7ea81'),(178,'Paige Normanell',NULL,'pnormanell4x@weather.com','5a13f715ec4f0eae69bfaad6ee83d2d3'),(179,'Marlee Clitheroe',NULL,'mclitheroe4y@tiny.cc','7926b9a24ef5faed9717a44e691660d3'),(180,'Patten Briffett',NULL,'pbriffett4z@parallels.com','9646d60dc3df784fbb9937b7445d8ad5'),(181,'Renard McNabb',NULL,'rmcnabb50@bbb.org','18c588abb5621a15482e74e5ab6b3d33'),(182,'Maurice Blooman',NULL,'mblooman51@squidoo.com','cd38475fd0907f018f3ca6e23beab32e'),(183,'Vicki Ecclestone',NULL,'vecclestone52@taobao.com','6298a6a40d56cc59020b1db99bcdb9f2'),(184,'Olin Filippozzi',NULL,'ofilippozzi53@yandex.ru','e7c72dbc2ca3c3b64198b9f96b15944d'),(185,'Luisa Bovey',NULL,'lbovey54@examiner.com','ece1a9fad29683795277c93c13e911c9'),(186,'Missy Bareham',NULL,'mbareham55@simplemachines.org','63101aae9dc3cefc09039af704d1dc9d'),(187,'Vanya Lawford',NULL,'vlawford56@chron.com','68fdc4f466673d0c6e93e0ee23b1d7c8'),(188,'Keelby Klemke',NULL,'kklemke57@ustream.tv','95b883997214f6c93bcc82f8c3daa6c5'),(189,'Georgiana Laverty',NULL,'glaverty58@g.co','fd417708c62ffd47346bf9544d6e1669'),(190,'Miles Killigrew',NULL,'mkilligrew59@a8.net','c79b588db548b919d7ea6ec9b76b2d7c'),(191,'Denny Dobbie',NULL,'ddobbie5a@marriott.com','642cfe3793d06b8fe5360cc1fca15489'),(192,'Zeb Mustchin',NULL,'zmustchin5b@theatlantic.com','cb45e4c23e41b40545e35b8b723285cc'),(193,'Willem Jeannel',16,'wjeannel5c@noaa.gov','75f6e166c2a8a67f376e3544d4fa86fe'),(194,'Nana Gherarducci',NULL,'ngherarducci5d@blogspot.com','e734556d89f7b8635993a55b8679b4d1'),(195,'Lonni Abram',NULL,'labram5e@prlog.org','35649ac46db41eb7406a60b1482b87d0'),(196,'Vin Saunter',NULL,'vsaunter5f@bigcartel.com','3cdfd26fa4ffa4b463698e1961f41281'),(197,'Ofella Felder',NULL,'ofelder5g@pagesperso-orange.fr','9dec2cf3784733b453948f1d4bb77eb0'),(198,'Wes Eagling',NULL,'weagling5h@vimeo.com','cba3b255d5cb0540859611041f18afcd'),(199,'Ninette Scardifeild',NULL,'nscardifeild5i@theguardian.com','eb0688c0b5ceabc02b57d4a617169a2c'),(200,'Honor Ebbin',NULL,'hebbin5j@dot.gov','3aaed7319a7f084b939d87d0fe74cb74'),(201,'Ramonda Le Claire',NULL,'rle5k@newsvine.com','ae887a3096405691e8e8e42b93596e37'),(202,'Lukas Congreave',NULL,'lcongreave5l@de.vu','241ae9ed6aa3f232390a8ff41459aca3'),(203,'Madelina Aaron',NULL,'maaron5m@ed.gov','83dff71ed3ee999f4309953818b713a9'),(204,'Bob Dymock',NULL,'bdymock5n@zimbio.com','35b5c7c4114c7f258c29781a6ff2c263'),(205,'Blondelle Pitcaithley',NULL,'bpitcaithley5o@ucoz.com','7ce5d0697b8d72f02483e5aeba6b9312'),(206,'Nelie Sleeman',NULL,'nsleeman5p@blinklist.com','acb23ece0e57f32461333aa4f622dd66'),(207,'Hy Cozins',NULL,'hcozins5q@icq.com','a265b9c768c3c8ced05ba7ec4f35dd0d'),(208,'Inger Olifard',NULL,'iolifard5r@123-reg.co.uk','fae365cb0a286ed9941aa20712701c28'),(209,'Lolita Keese',NULL,'lkeese5s@livejournal.com','23bc60b4682cdc5abe8242a8b8885ae7'),(210,'Erek Crew',NULL,'ecrew5t@unicef.org','a517517d575835d19ef0bee074cbe7e0'),(211,'Humfried Urwin',NULL,'hurwin5u@delicious.com','a71e2788eab050b2e8bfbbea01645f0c'),(212,'Rufe Ballham',NULL,'rballham5v@rediff.com','a97697a382e697127b8886c3b0c8b19f'),(213,'Jenda Zelland',NULL,'jzelland5w@craigslist.org','eb30b63ffc145dee8ea36763b0703034'),(214,'Kordula Whitebread',NULL,'kwhitebread5x@icq.com','9c77ec90961486950750b73f71ccb7a9'),(215,'Bette Sheriff',NULL,'bsheriff5y@salon.com','8ad19fc09f4f1a2e339f3b798eba8c2a'),(216,'Gilberto Raffles',NULL,'graffles5z@newyorker.com','dd8670cfec62d000793732ed8a7607f9'),(217,'Homerus Rubinow',NULL,'hrubinow60@theatlantic.com','a623df46f9c366f6b1f415365400347b'),(218,'Quinlan Mathouse',NULL,'qmathouse61@wix.com','214579561870f922117c673cc4bfa08a'),(219,'Shelden Dyas',NULL,'sdyas62@163.com','7868d8ba16c1a6c52a08be877a28da3d'),(220,'Hannie Beaten',NULL,'hbeaten63@marketwatch.com','40e180c6c30659afd0761fc66a854eee'),(221,'Martelle Kinvig',NULL,'mkinvig64@boston.com','28f6ed226340eb7235afc7debfd757e5'),(222,'Hadleigh Dirand',NULL,'hdirand65@ucsd.edu','6759e5947a91f1472c3b3e3c54ccde76'),(223,'Beret Domerque',NULL,'bdomerque66@cloudflare.com','e8871150a287bcb4e24eb00006de786f'),(224,'Agustin Ledgister',NULL,'aledgister67@example.com','9e577656cdd6328decfcd522788aacde'),(225,'Meggy McCay',NULL,'mmccay68@berkeley.edu','b8787abe97ba0eccfe7daaa2ae97aa7a'),(226,'Jarrett Ventam',NULL,'jventam69@independent.co.uk','678db468d51016dc5e37df1cff3d163b'),(227,'Sissy Berrington',NULL,'sberrington6a@aboutads.info','23a63afb554171ba3ca6b19ae60b5089'),(228,'Gerri Patton',NULL,'gpatton6b@arstechnica.com','a43947587336dd4a1f4a97b6e8172e35'),(229,'Brod Ciobotaru',NULL,'bciobotaru6c@technorati.com','a4bfb881211f9794dc2394ac6cf1186a'),(230,'Donielle Scothorn',NULL,'dscothorn6d@booking.com','94ed2608290d5777ac3205b0efed6682'),(231,'Bobette Duran',NULL,'bduran6e@qq.com','100abbcf0ca1f9e9a0f9786a2e1f2293'),(232,'Nial Bonavia',NULL,'nbonavia6f@soup.io','0c73ef0cd6b9d8aadbba1cc1b1ae2285'),(233,'Tod Bracer',NULL,'tbracer6g@opera.com','6ecfb7641b183d3a50ef9d996c0664a3'),(234,'Charley Adlem',NULL,'cadlem6h@springer.com','efab292684a85f5c2fa838d5d352601f'),(235,'Daryl Ivanchikov',NULL,'divanchikov6i@qq.com','ba9d3ffa3e02d9607772479934e9c36b'),(236,'Bing Gherarducci',NULL,'bgherarducci6j@un.org','088ac2e88301d8e6f8a7ea2947954b03'),(237,'Tybalt Lube',NULL,'tlube6k@yellowpages.com','6c906039b78fe50ee337527e135faec5'),(238,'Evania Fenck',NULL,'efenck6l@sun.com','dcb34e28b2117ff57c5994f6b8d75b78'),(239,'Melisande McCosh',NULL,'mmccosh6m@cam.ac.uk','5730335b8dc219fc2e2330caff319793'),(240,'Locke Poulgreen',NULL,'lpoulgreen6n@deviantart.com','5b9bea228609d262ceeac9fb150109bc'),(241,'Herold Bonny',NULL,'hbonny6o@cnn.com','e804da6719df8ea1517031aca343f531'),(242,'Alistair Kettlesing',NULL,'akettlesing6p@wordpress.com','cc4d38bb33f2114ad0a896837685e065'),(243,'Solomon Drakes',NULL,'sdrakes6q@symantec.com','f1bef66433626339ea2890e32d0c0494'),(244,'Mac Linsey',NULL,'mlinsey6r@cam.ac.uk','b9ca69a27c7695374fba550d42825f48'),(245,'Abra Eyrl',NULL,'aeyrl6s@elpais.com','c19a090aa74f30ecc5c172b30248e582'),(246,'Isabelle McMearty',NULL,'imcmearty6t@networksolutions.com','e07594e221b13d41dfa6fba75918188c'),(247,'Mendy Matthensen',NULL,'mmatthensen6u@ebay.co.uk','b7da55e59130b9af2b360f2a40d9ad7f'),(248,'Donnie Shewsmith',NULL,'dshewsmith6v@auda.org.au','da84d1d0ac42a54a87a052042bb75dfc'),(249,'Gusti Courtonne',NULL,'gcourtonne6w@bbb.org','e87a95d5d8a68f439cc7f881652e5912'),(250,'Nilson Izacenko',NULL,'nizacenko6x@ucla.edu','7fa59587bc55d44902f9c38f0decced8'),(251,'Davina Alban',NULL,'dalban6y@mapquest.com','48c86c7ee77ba5695b13aab1700852e6'),(252,'Karee Woofinden',NULL,'kwoofinden6z@weebly.com','fcea809ea41e0963c6ed5d97a9334f5c'),(253,'Tamas Jolland',NULL,'tjolland70@arstechnica.com','c72c3e7678e83bccab9f29630f6d1874'),(254,'Sadella Bolver',NULL,'sbolver71@businessinsider.com','c0dcf93240df325ecb65b2418ed091b4'),(255,'Micheal Purkess',NULL,'mpurkess72@prnewswire.com','00558baa3c21581034e074bf56620462'),(256,'Gibbie Dare',NULL,'gdare73@stanford.edu','6b433adf405268b97fab1413cf392074'),(257,'Alie Gerbi',NULL,'agerbi74@google.co.jp','70a73ae88f7d1827c6f25d3ac2878dfa'),(258,'Raphaela Kohtler',NULL,'rkohtler75@mysql.com','cab0c1a24afb77e537c593444274c166'),(259,'Kristina Brixey',NULL,'kbrixey76@washington.edu','c3614dffeafed290b195aa6ea7705c51'),(260,'Emanuele Gorbell',NULL,'egorbell77@psu.edu','0c22fba961462085c36de3d4789676e5'),(261,'Hedvige St. Pierre',NULL,'hst78@ted.com','c5a1bf3a6da555d0982c1bf84cb921f6'),(262,'Curcio Richemond',NULL,'crichemond79@blinklist.com','774665780815b3dcc28bbe1565e53860'),(263,'Vick Brearty',NULL,'vbrearty7a@npr.org','fbe8c979de41206aa259e14b466cde44'),(264,'Burlie Goodbar',NULL,'bgoodbar7b@ftc.gov','26cefcb9d8163d13b1d7de3e0fba8822'),(265,'Joly Regina',NULL,'jregina7c@census.gov','001f7e263f74e4d046d45071d29eeeab'),(266,'Ernestus Thomazet',NULL,'ethomazet7d@imgur.com','82bb911e3e5dcadfb5e81e0bcabcf21d'),(267,'Lucie Slee',NULL,'lslee7e@bbc.co.uk','3bddc54bb0c8b2e482ba8f34d42d2950'),(268,'Yulma Arnholz',NULL,'yarnholz7f@merriam-webster.com','842db557b7fd0188984d0946479cb5e1'),(269,'Vernen Manifield',NULL,'vmanifield7g@e-recht24.de','456767fe8477f4975f428f98456d6631'),(270,'Kacy Engelmann',NULL,'kengelmann7h@narod.ru','6d8b8336b4350df54ca0bf93fd3684e6'),(271,'Weider McGarrahan',NULL,'wmcgarrahan7i@mail.ru','726229919bc7fc0ac6d235d478e8b5c0'),(272,'Eloise Haitlie',NULL,'ehaitlie7j@apache.org','abb3bbc74f43332c997e35104c38272d'),(273,'Jamie Stoile',NULL,'jstoile7k@ehow.com','8fbdc69512577b167f8836745b22ecaa'),(274,'Brod Moorwood',NULL,'bmoorwood7l@meetup.com','18da95e7c65ef725872da2c5e981c44b'),(275,'Godiva Pentecust',NULL,'gpentecust7m@multiply.com','5fb0e967c86e037fc239098d2b452bff'),(276,'Ethyl Goode',NULL,'egoode7n@state.gov','a5f980dbcc7a92e5596eaf4e97ff2766'),(277,'Tildi Patzelt',NULL,'tpatzelt7o@bloglovin.com','47037ac5d80e3c36060c12b6fe6d28e2'),(278,'Carlynne Farlowe',NULL,'cfarlowe7p@delicious.com','10d12db0b67f8b89cfac6f53c167766f'),(279,'Eveline Randleson',NULL,'erandleson7q@accuweather.com','69ba5ffd2d4b101d880ea75d89e8810f'),(280,'Johanna Mullin',NULL,'jmullin7r@scientificamerican.com','9b68d95554cb850b8a518e2a12de920d'),(281,'Thekla Kenset',NULL,'tkenset7s@wufoo.com','2f83bf6bc7bc323822acdb805b476003'),(282,'Cele Kighly',NULL,'ckighly7t@free.fr','bf382d60357b377b316a0297fe994b42'),(283,'Harvey Domeney',NULL,'hdomeney7u@shop-pro.jp','b0562bde9629d8c35575d50a63e11141'),(284,'Winfred Perri',NULL,'wperri7v@scientificamerican.com','8a3c5ba19456b2c91f259765778b94b4'),(285,'Peg Hayford',NULL,'phayford7w@psu.edu','072a2c3368ec8a04fc024f4c602e6c0f'),(286,'Humphrey Laydel',NULL,'hlaydel7x@miibeian.gov.cn','b8a5f00b59762e6cf4e7173581563194'),(287,'Amalita Elks',NULL,'aelks7y@indiatimes.com','f96d692b74461ff56f4bd5aa3bd0174b'),(288,'Nathanael Kopta',NULL,'nkopta7z@phoca.cz','c34146b8291402ca03a4bc609cd1e8e7'),(289,'Darnall Caldero',NULL,'dcaldero80@hao123.com','d78aa1b9ebde9bd64652e002f00eff7b'),(290,'Benedetta Ettery',NULL,'bettery81@studiopress.com','61ab56c2d499c0198413560d6e4791c0'),(291,'Worth Pyott',NULL,'wpyott82@va.gov','5dde84f062b858a42393684e98c27bd1'),(292,'Fee Sarle',NULL,'fsarle83@statcounter.com','b35784889e79624c1a4ee1c53d1509cc'),(293,'Saree Le Blanc',NULL,'sle84@harvard.edu','c4a12a3d6fc878dcb6a9d5e5642a6bdf'),(294,'Susannah Tickle',NULL,'stickle85@who.int','593ecce8a36e07b1f6edf5e9fc213f0c'),(295,'Korney Kane',NULL,'kkane86@hibu.com','e1c3f97a234f6a23e7a0ddc4f231e35b'),(296,'Brenna Glitherow',NULL,'bglitherow87@cdc.gov','f2f5713c4bd44f3bb92115f2bd7c47eb'),(297,'Susanne Ions',NULL,'sions88@lycos.com','f5b7e72ea9f92faf424e9507dc0ac2ce'),(298,'Batsheva Bootherstone',NULL,'bbootherstone89@engadget.com','3127951cfdc8ab8504d7659e1365961e'),(299,'Min Ferraretto',NULL,'mferraretto8a@dell.com','a653901fa3b2d1670793b29cf12a5326'),(300,'Rawley Forestel',NULL,'rforestel8b@jigsy.com','9f95d7bd331951b85c789d99b253bd51'),(301,'Araldo MacFarland',NULL,'amacfarland8c@amazon.co.jp','27525470fbbcb01e4c5ee733b4f4889d'),(302,'Allina Shawyer',19,'ashawyer8d@eventbrite.com','d18e5cd74e3255b5203d42996f6c644f'),(303,'Iorgos Furlonge',NULL,'ifurlonge8e@epa.gov','d313a9ebc8e04d2113cbca86b9f4da23'),(304,'Kendra Baldazzi',NULL,'kbaldazzi8f@blinklist.com','f5c41b72b1926812a44b4e531dc432fd'),(305,'Susana Esmead',NULL,'sesmead8g@baidu.com','a9bde36b04d6a1b6e302ffb7568c1c44'),(306,'Harley Redgrove',NULL,'hredgrove8h@seesaa.net','72f65fd7350b5dfe6fd6db3921b95d1a'),(307,'Emylee Weymont',NULL,'eweymont8i@twitter.com','c311ebae8265df1290beba1800c75668'),(308,'Kirsten Amthor',NULL,'kamthor8j@slashdot.org','91dd5d2559aa06e1b1809ad717be74d4'),(309,'Veronika Skill',NULL,'vskill8k@jiathis.com','f1bfdda42fd5c565c4fb5aa33ed49aa9'),(310,'Page Gringley',NULL,'pgringley8l@washington.edu','c11f1256c42eaacf84caa636887fd080'),(311,'Denise Phibb',NULL,'dphibb8m@nyu.edu','bfdd2b065a06b08c403498aaae11c43c'),(312,'Inna Rickaert',NULL,'irickaert8n@guardian.co.uk','7dab7246202b7575733c2c02be492bce'),(313,'Katha Tiffin',NULL,'ktiffin8o@loc.gov','7dcc5701a9145db127fd7ccd783aa753'),(314,'Bert Heald',NULL,'bheald8p@marriott.com','3254034dbbfd8d902310336dd91fd95c'),(315,'Guntar Jorgensen',NULL,'gjorgensen8q@sakura.ne.jp','2e85cf173e2bdb870732375a9a315599'),(316,'Betti Franscioni',NULL,'bfranscioni8r@nifty.com','ad66e1c1d93566c8469a6257689d7867'),(317,'Gardiner Brimelow',NULL,'gbrimelow8s@unesco.org','0d8cda372f1f084db07891c0af13ff26'),(318,'Clint Ferrea',NULL,'cferrea8t@google.it','7676c496916814f0a264f9d7a9a2b37f'),(319,'Torrie Yeudall',NULL,'tyeudall8u@linkedin.com','78c6fb8e03e8f08448a89c95e1071abd'),(320,'Myles Serrell',NULL,'mserrell8v@bing.com','816bed86aa1144cdeead56ee4d47101d'),(321,'Mattie Bridgen',NULL,'mbridgen8w@scribd.com','0b3cf90124665f77c91c7042549cabbc'),(322,'Roda Pero',NULL,'rpero8x@hubpages.com','245a2e7384b95f8a84777a8b8907da51'),(323,'Aubrey Doige',NULL,'adoige8y@constantcontact.com','b297a6b46b543adfd9f44bd731a3c503'),(324,'Sherwynd O\'Fogarty',NULL,'sofogarty8z@domainmarket.com','0fa02d1fae9cb85e4b8cd27947a6b71c'),(325,'Lucretia Pastor',NULL,'lpastor90@techcrunch.com','20b371e4f4635fb1c9ee2cafee1b0aa6'),(326,'Perle Conford',NULL,'pconford91@netvibes.com','64a3c051d65de0a8a191fcc8658d81e0'),(327,'Son Joynt',NULL,'sjoynt92@hatena.ne.jp','6f684c3adf8379f7c2f546017afad638'),(328,'Suzette Aers',NULL,'saers93@xrea.com','b16cb1d90d03033a14625e1918b7331c'),(329,'Demeter Aynscombe',NULL,'daynscombe94@slate.com','41290788a1d7d463a06438ec84c6e419'),(330,'Liam Josofovitz',NULL,'ljosofovitz95@bigcartel.com','260448e1199071763fc2b73875ad2a99'),(331,'Lacey Lewson',NULL,'llewson96@blinklist.com','d1e13082d5cbaea793949857956e2ced'),(332,'Tamqrah Hydes',NULL,'thydes97@google.pl','405aa3631a17e8d2eebd738dc8119482'),(333,'Engracia Sleight',NULL,'esleight98@noaa.gov','5aa0e7796b6a369100d18dfbae6f064f'),(334,'Gilligan Inns',NULL,'ginns99@yellowpages.com','aa447a5e7ae12cabd2fdb63c5e105f12'),(335,'Cleveland Forrington',NULL,'cforrington9a@macromedia.com','09bce318c01c5e094cf0defc1cb10c31'),(336,'Garrik Tomkins',NULL,'gtomkins9b@webnode.com','e68bb5b6fb180673b8cde3bba2e98144'),(337,'Jordana Stannah',NULL,'jstannah9c@meetup.com','b89a9c967115a2fec577ace2703f0b35'),(338,'Nicholle Zupa',NULL,'nzupa9d@weather.com','4b9e6d5ae84d281db9a56a1ec7f53ddf'),(339,'Timmi Cleen',21,'tcleen9e@prlog.org','55ee97193e9d2d8be4ac7c5bd975ed4d'),(340,'Haroun Petty',NULL,'hpetty9f@japanpost.jp','6570592f718464a9b70c4c934caf6064'),(341,'Phelia Turbitt',NULL,'pturbitt9g@shinystat.com','6c95a1a6cffae24fcfc73629e06bf893'),(342,'Duff Hamnett',NULL,'dhamnett9h@biglobe.ne.jp','716bcf8b7bc74ca35eb69dda3b60629a'),(343,'Stanly Scotchbourouge',NULL,'sscotchbourouge9i@hp.com','c61c7280eebffa7860b2c1dfa70df69f'),(344,'Ebony Fabbro',NULL,'efabbro9j@ycombinator.com','a3b51364d34fb2ff4a228f4907f74a2c'),(345,'Valerie Lennarde',NULL,'vlennarde9k@moonfruit.com','1598e59d38c3d9a700fcc1a7c1228b9d'),(346,'Lamond Gillmor',NULL,'lgillmor9l@salon.com','a0dfb5669cd689a52888ae330ab42d8a'),(347,'Analiese McGaugie',NULL,'amcgaugie9m@xinhuanet.com','c8bbfebc2ea311ce5e732bb66dc6c137'),(348,'Julie Laffin',NULL,'jlaffin9n@naver.com','2fb8373d520eb8cad297e33f85609bd9'),(349,'Linnell Dumbreck',NULL,'ldumbreck9o@cdbaby.com','bc3752ebbbccb77722b796f24944d854'),(350,'Cathi Ciardo',NULL,'cciardo9p@tmall.com','278d667fce9e76718b72e591938efdfa'),(351,'Lynda Flood',NULL,'lflood9q@boston.com','5145679c24951b3d6859252d4c9ab203'),(352,'Hamnet Maxsted',NULL,'hmaxsted9r@msu.edu','6da64412c158fadc8b0d4e3f121d3668'),(353,'Miltie Frick',NULL,'mfrick9s@state.tx.us','13ddcae910f9a5b6311ef41662558638'),(354,'Lindie Oultram',NULL,'loultram9t@columbia.edu','d858d28647b9dac37faaa10f67314241'),(355,'Dwight Abrami',NULL,'dabrami9u@paypal.com','e1a318730451700b60275edb6bdd3643'),(356,'Vincents Tilliards',NULL,'vtilliards9v@statcounter.com','ca676e26192688f5f20ac6148dee48a4'),(357,'Waldon Ragless',NULL,'wragless9w@fc2.com','d7a44d7babdcc3016ba65b5e2e23dcda'),(358,'Carolee Cline',NULL,'ccline9x@earthlink.net','8dcdc6b1ab6a852728d0a7f0dedd43b1'),(359,'Arabelle Aulton',NULL,'aaulton9y@people.com.cn','f9e463d404c53811c4e85793b1dad602'),(360,'Willette Duffield',NULL,'wduffield9z@friendfeed.com','bb10af81201121e2e43c7231944fc023'),(361,'Claude Bener',NULL,'cbenera0@princeton.edu','bddd47ea6eb3004bfbc8662cb4583bf9'),(362,'Danie Weavers',NULL,'dweaversa1@deviantart.com','16f001bbaa0186bfd3ee22f6db036f21'),(363,'Orrin Shorton',NULL,'oshortona2@sakura.ne.jp','ea88e5c06172f06863c93dfc1969d438'),(364,'Melvyn Scherer',NULL,'mscherera3@nasa.gov','fba3a2b52ac13a4c412775f952893de4'),(365,'Lawton Cestard',NULL,'lcestarda4@earthlink.net','d20a99ac8792f981f0e65af1b1390639'),(366,'Chicky Worrall',NULL,'cworralla5@intel.com','65e3552cccad440dd9c0ebb9a3f733f5'),(367,'Frazer Seabon',NULL,'fseabona6@fema.gov','2ca79635408e91ef8ecbdae3171e1963'),(368,'Jocelyn Skevington',NULL,'jskevingtona7@icq.com','1076c36aeeba684d178afcddfe12f977'),(369,'Wyn Revitt',NULL,'wrevitta8@mayoclinic.com','e21ab808513669105c0c30866affa36a'),(370,'Ursa Duddan',NULL,'ududdana9@hugedomains.com','204e6ffa5a3d1592f82bec05fd3e4b79'),(371,'Angelo Gueinn',NULL,'agueinnaa@marketwatch.com','6f4bf828d3a2000a347a065f35c5f6c8'),(372,'Jodee Brett',NULL,'jbrettab@a8.net','0224cf80934988c24804fd555a2db3d8'),(373,'Llewellyn Sweeney',NULL,'lsweeneyac@google.co.jp','a66dbfdb4ad9186faffdd4e1b2e4f19a'),(374,'Shadow Squibbs',NULL,'ssquibbsad@mysql.com','442f5db6c965600cca1ba0f1d15002d1'),(375,'Vitoria Vesque',NULL,'vvesqueae@virginia.edu','66c94f4f4580340234d3d649367ce304'),(376,'Shirl Burk',NULL,'sburkaf@behance.net','690ee59aeb22e62883074fdc9dd34a66'),(377,'Jessica Strivens',NULL,'jstrivensag@ft.com','b963558a14ef99175fa95c5d83d822fc'),(378,'Suzie Poytress',NULL,'spoytressah@meetup.com','b08c233e1657f4813749e84d8313ec61'),(379,'Francoise Ninnis',NULL,'fninnisai@liveinternet.ru','52b98b0b112cc141df191c018e4c7996'),(380,'Cathlene Izaac',NULL,'cizaacaj@goodreads.com','ef60e2c772066745a06fd08d98cf3b05'),(381,'Jodi Capener',NULL,'jcapenerak@prnewswire.com','d3cf6f305b20112b729c264cac27ea66'),(382,'Joete Weaving',NULL,'jweavingal@cafepress.com','ccdb2a8403381b6209e6f615efe052e2'),(383,'Wood Hussey',NULL,'whusseyam@vimeo.com','420d50a57e1ea24419835355840a978a'),(384,'Freddi Gulston',NULL,'fgulstonan@mozilla.org','6f55b73853c54bce4b5f60b05ec69ede'),(385,'Niko Crowter',NULL,'ncrowterao@photobucket.com','f0d7b1cffcbe18a7e904f8752492ecb8'),(386,'Ninnetta Smowton',NULL,'nsmowtonap@vistaprint.com','681dbea6e50e523638833269c7860541'),(387,'Buiron Cagan',NULL,'bcaganaq@hubpages.com','4f526ef88d31f5506b2c114625f5e229'),(388,'Vanda Laughnan',NULL,'vlaughnanar@java.com','16ba1fc179784a702b27cbc824f66364'),(389,'Tamarah Winfield',NULL,'twinfieldas@tinyurl.com','036a46d8a669d83c3156770257efa3da'),(390,'Zilvia Marshman',NULL,'zmarshmanat@tuttocitta.it','c9abf828fc939831d1602120e43f455b'),(391,'Juana MacCole',NULL,'jmaccoleau@soundcloud.com','15a707309237fb89513216e5732a9e6f'),(392,'Gerick Miall',NULL,'gmiallav@mapy.cz','6a5b0a9f7ac1e0168b0e4f575c9b97a2'),(393,'Kenn Inglesent',NULL,'kinglesentaw@cbc.ca','cd37220f28e36ee03170d3f9bb2c9865'),(394,'Pierre Dilger',NULL,'pdilgerax@goo.gl','1a4fcbe689f2f7b7f67f21aafeae6d92'),(395,'Natalie Trotman',NULL,'ntrotmanay@privacy.gov.au','dbdee969c169dd3e2aae7529380f7172'),(396,'Ansley Blincowe',NULL,'ablincoweaz@csmonitor.com','5a168f09ee8de23e1cc95c808f38bae6'),(397,'Cristobal Flinders',NULL,'cflindersb0@earthlink.net','2221a58df32dd352e640768a398f6d51'),(398,'Wallache Hill',NULL,'whillb1@vk.com','23b1e5d1c7e8e3594ae9c682ca3a9db6'),(399,'Selma Mundy',NULL,'smundyb2@mysql.com','3d810df8643986e4b181e08921b5352d'),(400,'Melesa Benthall',NULL,'mbenthallb3@devhub.com','dada1b4d1b23e43256dccde072908ecf'),(401,'Ramsey Vigurs',NULL,'rvigursb4@bbc.co.uk','589981309f8dd268f5826a74c40ad4b6'),(402,'Emera Cellone',NULL,'ecelloneb5@pen.io','8909811f8a736f1f38d7cd04ff0c4e5e'),(403,'Anya Drillingcourt',NULL,'adrillingcourtb6@meetup.com','cade1ed287cea9d6d8daccf9f232dd74'),(404,'Zechariah Laidler',NULL,'zlaidlerb7@archive.org','7b919ab91ac841cb0d93c253f1d6db2d'),(405,'Shaine Gingedale',NULL,'sgingedaleb8@google.com','bc4cfdef6ab4bfc494e3ebd4ed8ebe03'),(406,'Budd Ambroisin',NULL,'bambroisinb9@myspace.com','62c15ab78001689c86eebfcffe55531c'),(407,'Allix Baylie',NULL,'abaylieba@reuters.com','043acd62700ea2c24249b59623ea0960'),(408,'Aline Spadelli',NULL,'aspadellibb@flavors.me','103553fa5816507095da55585b14d01d'),(409,'Ardyce Piotrkowski',NULL,'apiotrkowskibc@wix.com','4b20bf22f43de46390417736191e7ceb'),(410,'Janice Barling',NULL,'jbarlingbd@about.com','893a1f364e14bd775f4974a2116297ec'),(411,'Debora Killingsworth',NULL,'dkillingsworthbe@time.com','2e136150da55244646571f860a3e2c3d'),(412,'Kori Leroux',NULL,'klerouxbf@netvibes.com','405bab58c4965eb65174f0b79c9153c4'),(413,'Odetta Entwhistle',NULL,'oentwhistlebg@sogou.com','6978e506657ae4f766ea8b984e2e0568'),(414,'Janna Schuh',NULL,'jschuhbh@dailymail.co.uk','22b0b502fb466de2178f00bb880e7981'),(415,'Candida Hue',NULL,'chuebi@loc.gov','1d560917d5d9194824532ccd8ac0418b'),(416,'Johannah Gaitone',NULL,'jgaitonebj@google.it','86dceb50f24d93217716e30777f1f40e'),(417,'Kaleb Sheepy',NULL,'ksheepybk@addtoany.com','dfe6d7f5d29cfe97c761fa33481a1059'),(418,'Doralia Blasgen',NULL,'dblasgenbl@bbb.org','f6fa1234f2e8691211605cbb2550b210'),(419,'Kinna Shakle',NULL,'kshaklebm@nyu.edu','7ac6c8d3c10ded10005ab38bfc12c3a9'),(420,'Pen Tonkes',NULL,'ptonkesbn@jugem.jp','b94781262ccc9b7a0e2d488673e91036'),(421,'Mignonne Wolfenden',NULL,'mwolfendenbo@berkeley.edu','656ca2959b67daca1e225803a69a2a24'),(422,'Stevie Rowberry',NULL,'srowberrybp@yandex.ru','72251bbfb1f50dbcb9d82dee4ecf17eb'),(423,'Emanuele Brahan',NULL,'ebrahanbq@harvard.edu','f1ce9782c81850a6deddf8cb74e5d8b2'),(424,'Bernelle Guiver',NULL,'bguiverbr@cbsnews.com','868fa23c70e46006ac8f520673e4be98'),(425,'Penny Swales',NULL,'pswalesbs@tiny.cc','bcc960173c85e1344d7ad4a18e0516f9'),(426,'Sherlocke Laydel',NULL,'slaydelbt@baidu.com','60c8d469b58638adecd55cd4295639fc'),(427,'Maureen Biasi',NULL,'mbiasibu@theguardian.com','1776395f1262b03069d4aefb3f0dfd5d'),(428,'Heddie De Vuyst',NULL,'hdebv@zimbio.com','29c6b5f9e60d610e2d3aadadead4ef23'),(429,'Gratiana Volk',NULL,'gvolkbw@gnu.org','084760288ea4a283c0816addf2e688eb'),(430,'Laraine McCracken',NULL,'lmccrackenbx@instagram.com','5f30882891c5d55fe5de32d39e0716cb'),(431,'Inga Dobeson',NULL,'idobesonby@columbia.edu','7a4758a11bf0953ee6d9ba79dac528d4'),(432,'Rickie Broadbere',NULL,'rbroadberebz@list-manage.com','73c08b7526fac257898ceaf100580340'),(433,'Esmeralda Dagworthy',NULL,'edagworthyc0@goo.ne.jp','10fe5a7970356a8f972b9b4a2e4b04cd'),(434,'Jarid Seilmann',NULL,'jseilmannc1@prweb.com','70832c56549e9a3d209bab7091ad621e'),(435,'Janice Billett',NULL,'jbillettc2@ovh.net','88ae547d65bba5d4840668f3248f6227'),(436,'Jyoti Pyrke',NULL,'jpyrkec3@free.fr','ccd4b54829f74387153f7324acf51287'),(437,'Janine McGoldrick',NULL,'jmcgoldrickc4@studiopress.com','9cec4db154f803e92ad7a976762f9a7e'),(438,'Vance Duckering',NULL,'vduckeringc5@comsenz.com','ceb01afe4f942112109f7a165b5432f3'),(439,'Tony Burtt',14,'tburttc6@oracle.com','207be54e71639b6085739744539bf5e4'),(440,'Vanny Bradly',NULL,'vbradlyc7@cpanel.net','265ed7d2518efd370a7c4a6ed38dad94'),(441,'Cheri McKerrow',NULL,'cmckerrowc8@virginia.edu','fec366a3f467e7e34ba98017f14e40e4'),(442,'Sophi Santi',NULL,'ssantic9@google.it','40fa2c89b24afe0e714fe8443758879f'),(443,'Camila Karadzas',NULL,'ckaradzasca@nytimes.com','ae5df3218c763486bd6746e131bd747d'),(444,'Rosamond Dews',NULL,'rdewscb@admin.ch','aafc8e3a9d78d96ef4c9c7ec0d5c3879'),(445,'Brooks Keppy',NULL,'bkeppycc@intel.com','b84f394cfdd4f825d911c1b9327ca52b'),(446,'Mariel Boyles',NULL,'mboylescd@aboutads.info','c8c325429fc1579c180f3461ca1e9c72'),(447,'Mimi Walding',NULL,'mwaldingce@icq.com','68640b1e2cbb074f0dedb56e9a733865'),(448,'Tymon Gifford',NULL,'tgiffordcf@networkadvertising.org','dda0f9433619a4247fe94a362d87f409'),(449,'Isacco Ivanchov',NULL,'iivanchovcg@nba.com','5cfd73e7a8ea99bb6b8786a86e6d661d'),(450,'Kaela Rodmell',NULL,'krodmellch@yale.edu','f0154a91c1ab8b4f0ec5e7bbc4f12be1'),(451,'Kienan Trunkfield',NULL,'ktrunkfieldci@mac.com','1048310e9eedebabc8fa877ced730b63'),(452,'Lilla Brice',NULL,'lbricecj@google.ca','de2850e9624494827480931b733ad757'),(453,'Maryjane Giffkins',24,'mgiffkinsck@hostgator.com','e7d1d382f68cf8998ec0ba9aa4fe571a'),(454,'Onfroi Chazier',NULL,'ochaziercl@gmpg.org','e8bf5099cd9b3660b7267d635e5f843c'),(455,'Anabella Burtonwood',NULL,'aburtonwoodcm@fema.gov','cdf3639da26706ae9e0417b5b0d26216'),(456,'Eleni Brothwell',NULL,'ebrothwellcn@oaic.gov.au','11111d1e3dcff816af8c526073db0538'),(457,'Katusha Jimeno',NULL,'kjimenoco@who.int','da072f77be419a45d5c70fe9bf0921ba'),(458,'Rich Issac',NULL,'rissaccp@163.com','fb13d4e363aedef95c7f355507a4d5c4'),(459,'Velvet Jobey',NULL,'vjobeycq@spiegel.de','e26fa88fac18ff34a896ef7393351af4'),(460,'Marney Baudinelli',NULL,'mbaudinellicr@yale.edu','cd2767fabfc1a93eaec47505f1d63deb'),(461,'Wolfgang Kalberer',NULL,'wkalberercs@diigo.com','5cf3f1ffe6f2bfd8b1f6e0f0156ac45c'),(462,'Dalston McMeanma',NULL,'dmcmeanmact@mail.ru','503d037e088044a1389f2719d3997533'),(463,'Brucie Boyn',NULL,'bboyncu@dagondesign.com','a3286a0f29764dc999c72073d289c42d'),(464,'Alta Rubinshtein',NULL,'arubinshteincv@mail.ru','de988ce208fbab41019ebfc34a5a1f13'),(465,'Israel Doggett',NULL,'idoggettcw@mayoclinic.com','6dd0cbe9c375e3365cd4eb5c307ac9a6'),(466,'Janot Orta',NULL,'jortacx@cargocollective.com','52b25148b949b1c99943fba3e1beaa0b'),(467,'Evonne Hans',NULL,'ehanscy@blinklist.com','1f999ca53f489c4060e29655cd531278'),(468,'Shirlee Keaysell',NULL,'skeaysellcz@unblog.fr','7ecd23127aa711730d1c2a03f15ddf97'),(469,'Carroll Simonato',NULL,'csimonatod0@people.com.cn','913a3e36989ad58f781f3268baf672a1'),(470,'Sammie Philippart',NULL,'sphilippartd1@gnu.org','ac922c0dc2c24bfe9da1a2ef6e84d571'),(471,'Athena Lube',NULL,'alubed2@addthis.com','06dde8e9cfdae153ad854fd8dd27775a'),(472,'Gertie Mettericke',NULL,'gmettericked3@google.co.uk','466919483d6430eb5ab8efc2868f86ba'),(473,'Farlay Giacobilio',NULL,'fgiacobiliod4@census.gov','18fcbc09a16da0574238def4377c4fc6'),(474,'Willabella Denness',NULL,'wdennessd5@businessweek.com','a619db1b5d10dc39fc2f2ef48ab38420'),(475,'Tiena Mayfield',NULL,'tmayfieldd6@thetimes.co.uk','60ead66bf706d1f3474584d1de70167c'),(476,'Brandy Huglin',NULL,'bhuglind7@discuz.net','9092dd0098d3d146d4802c50f0d8714d'),(477,'Roberto Mote',NULL,'rmoted8@bloglovin.com','5c3007dbb4be66d16554dd4f3ba6e980'),(478,'Eugene Dyte',NULL,'edyted9@woothemes.com','c7ed92d5564cdf7276d1008b28050ea5'),(479,'Rasia Pestell',NULL,'rpestellda@flickr.com','044003a047f6c1fe62fb241a5bd1a1a6'),(480,'Arlan Hritzko',NULL,'ahritzkodb@youtube.com','ffeb02ca219ee90c0ace1d6fbf2d78ff'),(481,'Natty Jacmar',NULL,'njacmardc@issuu.com','81396aa63c284674bb33b74d5ad7b132'),(482,'Llywellyn Dursley',NULL,'ldursleydd@va.gov','3910cc4e57b496dc0c2bee0a9af32565'),(483,'Otha Caiger',NULL,'ocaigerde@apple.com','ed3d7e7d72946764a294326d541a10ed'),(484,'Lynda McHardy',NULL,'lmchardydf@blogger.com','a76660541ccadde00a7b06b734d71dc0'),(485,'Truda Roo',NULL,'troodg@ft.com','faf7a928d92a5a0433b9c921eef8aa31'),(486,'Sancho Gallimore',NULL,'sgallimoredh@wikimedia.org','f1cfe3d4ecbe37f1137311daf9a60f8b'),(487,'Dore Whinray',NULL,'dwhinraydi@phoca.cz','d6d95f364996fa49dc5720c65707f0d5'),(488,'Staford Abramovitz',NULL,'sabramovitzdj@reference.com','16f02a282643b41b3a66e61abb9f0e0c'),(489,'Gian MacCallister',NULL,'gmaccallisterdk@eepurl.com','fe9fc128a5bbe1e10dd5c3d79d66c29b'),(490,'Orville Coning',NULL,'oconingdl@hhs.gov','30e86df31735aba58202076ac7b11f3d'),(491,'Theda Bettesworth',NULL,'tbettesworthdm@myspace.com','39e47764828b1667dfc5b2a197560bc6'),(492,'Trumann Benazet',NULL,'tbenazetdn@themeforest.net','4c9fdf0ed41d833c73c1c7f9b36b6743'),(493,'Emilia Ravenshaw',NULL,'eravenshawdo@facebook.com','9f2c7373ca0717307375203d389eb0d4'),(494,'Marcie Pennetta',NULL,'mpennettadp@nymag.com','622a9f72446228fd334a55d1e5f5f8c2'),(495,'Luise Capper',NULL,'lcapperdq@tumblr.com','9f8c0c783b0cd705fd842189c1782371'),(496,'Carson Abrahim',NULL,'cabrahimdr@blogtalkradio.com','e2fef58133c3f263fd94a824ebafb22f'),(497,'Edin Halbard',NULL,'ehalbardds@simplemachines.org','f4f0e7b5a235a6abf50fbfd6d292155d'),(498,'Phil Brammer',NULL,'pbrammerdt@simplemachines.org','8b49c87d4c1bbeab7f1c45388b8d8827'),(499,'Ichabod Backson',NULL,'ibacksondu@nba.com','927ead080be67eac5d0bba818194dba1'),(500,'Dillie Taill',NULL,'dtailldv@nature.com','59d14822c750782fceb7b98a2279325a'),(501,'Michaelina Ducrow',NULL,'mducrowdw@parallels.com','be0568c4706dcd78bbdf7deca47eb72b'),(502,'Kendal Owbridge',NULL,'kowbridgedx@t-online.de','49370fb9c33d1b8ec65150e429ac5d96'),(503,'Cyndy Lorenzetto',NULL,'clorenzettody@php.net','2d7413ab4883771d5eeb0e568c85a360'),(504,'Sammy Augustine',NULL,'saugustinedz@dmoz.org','f8dc5a6f68899ca5b808135167d8f290'),(505,'Danny Rheaume',NULL,'drheaumee0@indiegogo.com','27f1c4bcdf2f761738ab749a6ee580a9'),(506,'Harrie Gittens',NULL,'hgittense1@slashdot.org','11d13c28fb69d514fb40d4de8568afef'),(507,'Diandra Jaskowicz',NULL,'djaskowicze2@sbwire.com','2f1078cecbe58e464b7bae362926cc26'),(508,'Perle Pacquet',NULL,'ppacquete3@tmall.com','aca273a3dde3056f35deee741ea365b0'),(509,'Jervis de la Valette Parisot',NULL,'jdee4@hud.gov','f9f71cfe3e959b24a4ba33e5b5613365'),(510,'Jacki Pinilla',NULL,'jpinillae5@ning.com','93c22ca652a21b5d4fc715969fa262b6'),(511,'Chandler Benzi',NULL,'cbenzie6@rakuten.co.jp','b65ce86b0f526e8ee5cb79ceed6896fe'),(512,'Kelwin Collier',NULL,'kcolliere7@sphinn.com','dfecbfa397548d02b4a50ecfded4feb5'),(513,'Alaine De Cruz',NULL,'adee8@youku.com','1a63ac7b5cfb4609dfe6db315eb34d76'),(514,'Maude Selley',NULL,'mselleye9@loc.gov','4aa1c384c7272ae3078e63538b6efbd9'),(515,'Carol Prevost',NULL,'cprevostea@miibeian.gov.cn','1242312fb1db666f1c8a4a7b5d0e3789'),(516,'Jaynell Defont',NULL,'jdefonteb@printfriendly.com','a9a99cc1b6d44ab6613854fc48bea84e'),(517,'Kirsten Sonnenschein',NULL,'ksonnenscheinec@i2i.jp','790d2d87390e3a80712c9dd72092fe5c'),(518,'Cchaddie Shovlin',NULL,'cshovlined@instagram.com','df228fa837dca04c68ddc0a39b76321d'),(519,'Erskine Jedrzejczyk',NULL,'ejedrzejczykee@tumblr.com','e2fd6ad6ff53469098591da3f1bb94a4'),(520,'Aubry Stannah',NULL,'astannahef@multiply.com','f1a1e590c9f9d0e7ba5bb5c672931232'),(521,'Rennie Abrahmovici',NULL,'rabrahmovicieg@tuttocitta.it','33797c58bf6c908772712c92e825333c'),(522,'Ode Geany',NULL,'ogeanyeh@blog.com','9405c668dc65ce59e204c15e22e06899'),(523,'Nikkie Lemery',NULL,'nlemeryei@nps.gov','f1c581a74a12e544bd03b970599705e3'),(524,'Prinz Faragher',NULL,'pfaragherej@tumblr.com','2533f7df074379dc3257473a5d78d9bc'),(525,'Danette Hawksley',NULL,'dhawksleyek@weather.com','0a5947f009b887b5f589470c6489cb9e'),(526,'Katlin Blockwell',NULL,'kblockwellel@google.com.br','067ee37254330bb7837b13baced12d92'),(527,'Madge Dunham',NULL,'mdunhamem@jalbum.net','90c5f6ca89a7a485abe5ce5cc047c266'),(528,'Nikolai Grummitt',NULL,'ngrummitten@toplist.cz','e4c882d9ff21f1db6b0355336cc84042'),(529,'Ethelred Dinzey',NULL,'edinzeyeo@moonfruit.com','aee87e2b0e559495fc820d0e74cafc3d'),(530,'Maisie Veltman',NULL,'mveltmanep@themeforest.net','6b4fb7f8c93de8daad9cde1f7c78e62b'),(531,'Roxanne Matanin',NULL,'rmatanineq@baidu.com','3950e949615438501adfd0bd92f7c6d3'),(532,'Orlan Hedon',NULL,'ohedoner@gmpg.org','5b93c35607ccea02aaff233f70f7c3c1'),(533,'Lorne Okie',NULL,'lokiees@mlb.com','47717fec049c53a3546ccfd48b6fd593'),(534,'Shelli Phillpotts',NULL,'sphillpottset@photobucket.com','268b49034409afdd2c99e5388809a415'),(535,'Roanne De la Eglise',NULL,'rdeeu@biglobe.ne.jp','4fe9cf8c790678d82ea06106575bb360'),(536,'Alina Gibby',NULL,'agibbyev@ft.com','82dd8e9dc7ae4311a12b5f55f02f2776'),(537,'Wash Vasilov',NULL,'wvasilovew@wired.com','fe1950a34fdfb39705e7e4c135d518ce'),(538,'Babbie Roeby',NULL,'broebyex@ted.com','8daf48b7bcf8d385a59aae0fb558b74d'),(539,'Logan Lauder',NULL,'llauderey@seattletimes.com','3b2d2f5cbf6de2073378b1908672b3c9'),(540,'Dorette Cowwell',NULL,'dcowwellez@pinterest.com','e058887d8dc074bc672a145c34660a83'),(541,'Gabriell Delahunt',NULL,'gdelahuntf0@umich.edu','f1cc77ee2ccc8761c50b0a559571f21d'),(542,'Sacha Wigglesworth',NULL,'swigglesworthf1@baidu.com','7c4d761822a4bc79857c0fe3d620c97f'),(543,'Evvy Tschierse',NULL,'etschiersef2@toplist.cz','7600ef092c8296160c7008c2ed987c4e'),(544,'Maude Lafrentz',NULL,'mlafrentzf3@scribd.com','154e258a357674729f1d403d13ee69fc'),(545,'Lizabeth Ellick',NULL,'lellickf4@jugem.jp','fb8195d13369cb0720edaa047006e126'),(546,'Aleksandr McInnerny',NULL,'amcinnernyf5@nbcnews.com','eda0d552cbb5a2affc8379088d06b259'),(547,'Titos Ginnane',NULL,'tginnanef6@last.fm','b6fa7449398b57110618387c614b87d1'),(548,'Martica Pummell',NULL,'mpummellf7@npr.org','dfe065dcf8e03b9282a397db1d4ae316'),(549,'Carlo Coneron',NULL,'cconeronf8@fda.gov','ce8aa5b6d46751e9d742577585d0ed95'),(550,'Cointon Revens',NULL,'crevensf9@hao123.com','ac85a80d97164bd383683611e3804b62'),(551,'Flori Cammoile',NULL,'fcammoilefa@eventbrite.com','f4f5597f8c89a426204ccdaaab4343f5'),(552,'Ofilia Tubbles',NULL,'otubblesfb@tinypic.com','2f2a26d62d88d2b24de7a57f370bdd26'),(553,'Barbee Keepe',NULL,'bkeepefc@livejournal.com','a9ae2909ef88cc5751ee3e95e791e218'),(554,'Cleon Wehden',NULL,'cwehdenfd@vistaprint.com','6fc51501c860bea23cd7686792d922d4'),(555,'Fernandina Hallick',NULL,'fhallickfe@miibeian.gov.cn','b2e6af8edf82e4fb974e4573b907d1cd'),(556,'Verina Cornner',NULL,'vcornnerff@histats.com','df30440dafde5ba81fecefd6d5ece9a1'),(557,'Adelina Poltone',NULL,'apoltonefg@g.co','b73cd9b8a02ece74f91adff07af36b4b'),(558,'Bobby Jeste',NULL,'bjestefh@elegantthemes.com','aefece505273802511077194484881a5'),(559,'Lester Shorte',NULL,'lshortefi@bloglines.com','cbf09ff5a3f404d1ce6b57a431fa38e5'),(560,'Blithe Dewing',NULL,'bdewingfj@arizona.edu','f41b4c6bb4400100db60d8ae1e3778b8'),(561,'Tomaso Martusewicz',NULL,'tmartusewiczfk@nydailynews.com','9f3fd0565277f6a04da4efd4da769483'),(562,'Dal O\'Fielly',NULL,'dofiellyfl@tamu.edu','a12e48c283cf4d0ddd5b8c1ece5b56fe'),(563,'Ferdinanda Gonzalvo',NULL,'fgonzalvofm@plala.or.jp','36ef9718d13704a621b369b38301a6d8'),(564,'Kimberly Peto',NULL,'kpetofn@yahoo.co.jp','06b5e59ac58bae1f9a4f4ddb942b6c55'),(565,'Adora Snoxall',NULL,'asnoxallfo@usnews.com','7a967a216c11c08b33c0d272e1ff8f7b'),(566,'Tobey Lindegard',NULL,'tlindegardfp@usatoday.com','f419dab0b1ab320f081ae97b2bca70b1'),(567,'Omar Lassells',NULL,'olassellsfq@economist.com','b39b42c94634dd0a6c048994e96404b7'),(568,'Brandyn Colegrove',NULL,'bcolegrovefr@parallels.com','6d4b50e4d8ec5a63a58b956cb23fbdee'),(569,'Kurt Terran',NULL,'kterranfs@typepad.com','f36892622c601a791fac7b42182ff752'),(570,'Merrielle Armit',NULL,'marmitft@home.pl','56194c8039c96cac7954193997f0c9f0'),(571,'Adan Kettle',NULL,'akettlefu@sphinn.com','4bbfb78e932281698faec0cf51e5d3bd'),(572,'Shell Piborn',NULL,'spibornfv@foxnews.com','c6c08ed986b6f9d1d1b6a3b04b687acb'),(573,'Nicko Genever',NULL,'ngeneverfw@cocolog-nifty.com','81bf2fa45496191ad4137c788bf92482'),(574,'Robbin Harms',NULL,'rharmsfx@oaic.gov.au','8db6d2462b170796fc8d00f8bfc197fc'),(575,'Shepperd Crompton',NULL,'scromptonfy@examiner.com','a102e3ae44954954614f31137e4be49c'),(576,'Udall Plail',NULL,'uplailfz@google.pl','76fb5304b4a37d38584f83009be0efca'),(577,'Cosme Cruxton',NULL,'ccruxtong0@slideshare.net','4140c534c06613b043c87a8145d58acf'),(578,'Lisa Bannon',NULL,'lbannong1@bbc.co.uk','891740c24bd855222738bd021a33d235'),(579,'Katheryn Denford',NULL,'kdenfordg2@un.org','5879d088fbef4ea71f63f6b9f4171cb3'),(580,'Fredelia McGeraghty',NULL,'fmcgeraghtyg3@ihg.com','75498c69b4ad6b34fd22ec846615cace'),(581,'Say Luby',NULL,'slubyg4@patch.com','236aef81724ea93d8e4bca5a431e9d6b'),(582,'Else Casey',NULL,'ecaseyg5@theguardian.com','138f63beb747eb2766a95328bf8d62cb'),(583,'Clerc Lindemann',NULL,'clindemanng6@unc.edu','45b1f5f08a523a65f9a14f66faa21b75'),(584,'Maurizia Sarson',NULL,'msarsong7@columbia.edu','74781f70103cd5c29ec508990be3af27'),(585,'Lothaire Flanaghan',NULL,'lflanaghang8@icq.com','679723b60340278ec0da7aed8b166a57'),(586,'Garold Kirkhouse',NULL,'gkirkhouseg9@pcworld.com','eb97a9a602a00d5b9b020f39e35904d8'),(587,'Nyssa Rosenstein',NULL,'nrosensteinga@cocolog-nifty.com','69981714e170ba52f4268d3988ed93ee'),(588,'Bartholomeus Whitta',NULL,'bwhittagb@creativecommons.org','68e82abbd5d09406c7f55836fec60468'),(589,'Rosalynd Benner',NULL,'rbennergc@umn.edu','74accdd8e1390791c4c1b56c89df6627'),(590,'Yale Coppen',NULL,'ycoppengd@blogtalkradio.com','9742475fcc936d5c56c4e403fe386814'),(591,'Gordon Aucutt',NULL,'gaucuttge@boston.com','46d57abe7a55ed742fd127f5e7c0e17d'),(592,'Lemmie Tuttiett',NULL,'ltuttiettgf@liveinternet.ru','fe54c730950a2363b92dbc607d1dade6'),(593,'Sigvard Tibbetts',NULL,'stibbettsgg@cdbaby.com','089c9c622dff7be7a4b370d8c32a2f1d'),(594,'Rori McClarence',NULL,'rmcclarencegh@vimeo.com','015dc4fe9ac12bf990a781846df6e502'),(595,'Margareta McDermott',NULL,'mmcdermottgi@chicagotribune.com','7feeb9523ba65928cf529f8a53bad5ef'),(596,'Darcey Tarpey',NULL,'dtarpeygj@samsung.com','5ccffe545c4a650130956d14e880b409'),(597,'Bamby Gley',NULL,'bgleygk@prnewswire.com','40900734e6f9ee137f198adeca430f85'),(598,'Sher Arran',NULL,'sarrangl@toplist.cz','6d0ae38dad3854aa931eb7fb2849e12f'),(599,'Randolph Browell',NULL,'rbrowellgm@stanford.edu','4aaada243b006ada968b761c7c42e0b3'),(600,'Alejandrina Gapper',NULL,'agappergn@acquirethisname.com','a9cbdb1e5c93f7bbdee04b1e81312458'),(601,'Esmeralda Artus',NULL,'eartusgo@examiner.com','3ef384d35d4665a94dd525ea9afc453f'),(602,'Kerrie Ghirigori',NULL,'kghirigorigp@intel.com','36478cef78d4675621c7b00334c0b708'),(603,'Cris Farquharson',NULL,'cfarquharsongq@nytimes.com','b43dce7354185096853998af202abcd3'),(604,'Burl Strowthers',NULL,'bstrowthersgr@tmall.com','a5665d46fec8bfbb1a98464f55c202ce'),(605,'Ashley Ciani',NULL,'acianigs@disqus.com','21d4d7ad61f04477f5265a5f04771ff5'),(606,'Alexio Carlucci',NULL,'acarluccigt@cnbc.com','56f283de3c5ebf26c515d519f67fc338'),(607,'Wayne Cuttings',NULL,'wcuttingsgu@tmall.com','eb3ffb12998aa850c1a1e29e627a171d'),(608,'Inga Pidgeon',NULL,'ipidgeongv@privacy.gov.au','a7ae446aa085a159bce90b7ffdead129'),(609,'Angelique Torvey',NULL,'atorveygw@examiner.com','ce20d36c41c5f010e4b22c3d7dccf8fd'),(610,'Barri Curless',NULL,'bcurlessgx@nhs.uk','79f11bf1597a0dfdddf7ad7632418730'),(611,'Merrilee Bohl',NULL,'mbohlgy@state.tx.us','31fa03f3f28baf529913b98c07cbc114'),(612,'Arnie Liddington',NULL,'aliddingtongz@ebay.co.uk','3ab893e0f8ea0fa8cba9486867ca013d'),(613,'Bailie Sowersby',NULL,'bsowersbyh0@yelp.com','fe4f37c0c6532c563e7a31241cd03b62'),(614,'Roby Knibley',NULL,'rknibleyh1@ning.com','dcb803e9c9930d6250e3f6b1f8197bc7'),(615,'Anna-maria Spillane',NULL,'aspillaneh2@phpbb.com','e1f5a3226323c0cbad43b09d7b8d7a27'),(616,'Eadie Reeder',NULL,'ereederh3@nifty.com','5352dbbb9fcc1d1c2d0df1cee951ec56'),(617,'Melloney Clausewitz',NULL,'mclausewitzh4@amazon.co.jp','9c5ab96826ad3672ae5d8585daffcc55'),(618,'Anita Morl',NULL,'amorlh5@list-manage.com','15b29fd44a78f2c703e900a712938314'),(619,'Joe Gunstone',NULL,'jgunstoneh6@cbslocal.com','31ab82637893accc03b0d8f02268e49a'),(620,'Ashley Vaar',NULL,'avaarh7@jigsy.com','22c9bf4cb0b392f5cd7fd2377380b597'),(621,'Burk Thraves',NULL,'bthravesh8@flavors.me','2fa22a1fd3d8665afa2f847901f54174'),(622,'Eleanor Urien',NULL,'eurienh9@hud.gov','0d67990efb03279dcb3e59d8ee5efb70'),(623,'Twyla Castanone',NULL,'tcastanoneha@mayoclinic.com','85ad7980b1ebe7013cadaa59fc5bef72'),(624,'Mickie Hallum',NULL,'mhallumhb@themeforest.net','a4da5dd346e14b228a6013c82b4eded0'),(625,'Kaiser Manueau',NULL,'kmanueauhc@ox.ac.uk','7bd38e691d2e4b5136793cf0c4008865'),(626,'Kamilah Tyas',NULL,'ktyashd@sogou.com','606f9236a1e01f977dff69774ccc2bac'),(627,'Sibelle Jacobovitz',NULL,'sjacobovitzhe@icio.us','f63d8c320c24837b87a20dcefda4b3bd'),(628,'Wildon Goodison',NULL,'wgoodisonhf@sogou.com','292330880b1248d01d0c82c7a9bdf137'),(629,'Ignace Mathen',NULL,'imathenhg@ibm.com','e2e08c10fff1bc55db8e86ee99a9cf05'),(630,'Rosy Bernhart',NULL,'rbernharthh@nasa.gov','8473ce0125db20be90774839fca6d869'),(631,'Zsazsa Haruard',NULL,'zharuardhi@canalblog.com','eaf313c890380557ccaa5cedfc03dcb0'),(632,'Markus Gravy',NULL,'mgravyhj@theguardian.com','f18217a700faa947ee4137a3adc3646a'),(633,'Kaycee Josephi',NULL,'kjosephihk@sciencedaily.com','387dc484280dc5eca1706ca3f1c46775'),(634,'Ivette Turneaux',NULL,'iturneauxhl@opensource.org','e2b4015857e5a1e07fa7000e43f0cbb2'),(635,'Catarina Ruit',NULL,'cruithm@wufoo.com','68775182ade2d5375c69e8482c2dacc6'),(636,'Carissa Taffarello',NULL,'ctaffarellohn@sohu.com','98ab458deecb9f92e432ce94f814837b'),(637,'Charmine Profit',NULL,'cprofitho@google.co.uk','de9ba853bbc3fc6b8e36e252648d331d'),(638,'Clarice Follan',NULL,'cfollanhp@china.com.cn','fa32dddcac6b385659f785370fadd6b5'),(639,'Marcellina Tooher',NULL,'mtooherhq@dion.ne.jp','374c463dd01567dcea492592f1a39765'),(640,'Miran Woodley',NULL,'mwoodleyhr@salon.com','04b09ca3ce0c8b905601ef7ded757c56'),(641,'Oswald Elsmore',NULL,'oelsmorehs@ameblo.jp','35469ace55fc2da2d59bd76c7013becd'),(642,'Viviyan Cianelli',NULL,'vcianelliht@parallels.com','5bee0bbc22e3de33994dcb9fedc823ea'),(643,'Dotty Scardefield',NULL,'dscardefieldhu@icq.com','ffbe7b3d0da6a52102bfa70fba58c94b'),(644,'Joan Iwanowski',NULL,'jiwanowskihv@stumbleupon.com','e1dfdeebb8c0f636434a6c6f6fa5aa73'),(645,'Barty Chardin',NULL,'bchardinhw@seattletimes.com','fd2b6bbd06769efee3977a97a9206760'),(646,'Gherardo Kitchen',NULL,'gkitchenhx@irs.gov','8c7a6d54f9c400db2eab8dffd4fe781b'),(647,'Brit Honisch',NULL,'bhonischhy@godaddy.com','c9d6468d91a0399e2da5474068722ab1'),(648,'Kevina Pile',NULL,'kpilehz@wufoo.com','7e43a24328be53f6de48e3ca0ad90360'),(649,'Shayna Spinke',NULL,'sspinkei0@mediafire.com','c848d1a6ef9d0b5230d3641b5de42517'),(650,'Blondell Lampitt',NULL,'blampitti1@unc.edu','b4ab77d8cfefa4114ad9c35bc1611885'),(651,'Cindi Jenkins',NULL,'cjenkinsi2@bizjournals.com','3b64855807c59cfc085a397aa1adbba7'),(652,'Terri Rehor',NULL,'trehori3@gov.uk','5e2ea339f1d6d5b63d017e7992b4cb05'),(653,'Bentley Pulman',NULL,'bpulmani4@tinyurl.com','928a67172de6abfbc7911d82738d02a2'),(654,'Bernardine Giffard',NULL,'bgiffardi5@ft.com','6b2adec854b37717228be51f947c27a6'),(655,'Aileen Deek',NULL,'adeeki6@ask.com','0e02d02e4c29947f9c546749ea9f3423'),(656,'Ulberto Digby',NULL,'udigbyi7@yellowbook.com','4775ad0de63f798b3db6c3283676d8a4'),(657,'Edd Brumhead',NULL,'ebrumheadi8@aboutads.info','4220d15604880f009825d05b3d212194'),(658,'Ilaire Abramsky',NULL,'iabramskyi9@list-manage.com','55e594eeef84f2827beb5eb9651b2e82'),(659,'Damara Gatrill',NULL,'dgatrillia@netscape.com','314e8540f7a9f86cebcb18024b3f6af7'),(660,'Liva Manktelow',NULL,'lmanktelowib@msu.edu','cd5edbb02a79c3beed3dd5be996f8f82'),(661,'Lauritz Renison',NULL,'lrenisonic@microsoft.com','738db7dc0f78885765d65b2ce252b205'),(662,'Klara Fierman',NULL,'kfiermanid@columbia.edu','71ad26e17e55e0c03131d0f3d4de77f0'),(663,'Nat Southerton',NULL,'nsouthertonie@last.fm','70c453f0f112d204cab36ad4dbd7e006'),(664,'Mil Bukowski',NULL,'mbukowskiif@hugedomains.com','bb4d8ffc6968fa53c307e166375445e0'),(665,'Rosemary Spickett',7,'rspickettig@webs.com','8655b0f1ddd6812493da65a2458d991b'),(666,'Delmar Carwardine',NULL,'dcarwardineih@rambler.ru','03a17e947d101455799478389acbb94c'),(667,'Harlene Yegoshin',NULL,'hyegoshinii@washington.edu','3797ee06a725780cdc0566372a616d06'),(668,'Paulette Bowker',NULL,'pbowkerij@joomla.org','924bb62b07b7e719e2cfcdd41c1dc3d3'),(669,'Susan Line',NULL,'slineik@engadget.com','5afc4ca87344658b6c187c1ce1cd8614'),(670,'Britteny Crabtree',NULL,'bcrabtreeil@seattletimes.com','0592e1d60568e042020f0f8acc9b11a7'),(671,'Jerome Littleover',NULL,'jlittleoverim@cam.ac.uk','918ef18a76d4a20b2fd2237920729e7e'),(672,'Karolina Honywill',NULL,'khonywillin@spotify.com','cc3d9560113e787f0d2cbfaaa9c758d3'),(673,'Gillian Hawler',NULL,'ghawlerio@hud.gov','4d72011a83a0f21d5e7cc32d55898d3f'),(674,'Sosanna Castellet',NULL,'scastelletip@ameblo.jp','ababd4444d2bd93cd301a2813966ac83'),(675,'Amalee Tomeo',NULL,'atomeoiq@xing.com','cfe152172915a839782ed8d3bba952e6'),(676,'Rourke Whyke',NULL,'rwhykeir@vistaprint.com','2128bc2817418ccbdec36fd229915fc0'),(677,'Rozalin Lyte',NULL,'rlyteis@sohu.com','1203b393718be004db0f660c30778138'),(678,'Spence Warton',NULL,'swartonit@vkontakte.ru','ca5436c6d660a0a4e08ccc95c8aa0369'),(679,'Care Gatenby',NULL,'cgatenbyiu@alibaba.com','750fd482d73832025afcbe67ace4a88f'),(680,'Leonanie Kille',NULL,'lkilleiv@pcworld.com','956f87a6d66d58f548e5df2fc095469a'),(681,'Moises Grumbridge',NULL,'mgrumbridgeiw@wordpress.com','4348192b6ca43c9515568cdf8ce5e80e'),(682,'Grier Pumfrey',NULL,'gpumfreyix@gmpg.org','7f0a7bf60536f1e1bd535f3df817984d'),(683,'Christos Lamperti',NULL,'clampertiiy@aol.com','6449ac41407e693986c85c90ca32b5eb'),(684,'Ulrika Selbie',NULL,'uselbieiz@tmall.com','045654307f59d491796d500d36e42657'),(685,'Morton Docwra',NULL,'mdocwraj0@creativecommons.org','d98e31ae39ef757afe6e8080ebe2ea31'),(686,'Joly Shone',NULL,'jshonej1@sbwire.com','7f3a4ffb73c5140749ec8d6087eafa27'),(687,'Catina Girodier',NULL,'cgirodierj2@mlb.com','3042e12638a1a8a65046955600acea95'),(688,'Giusto Adan',NULL,'gadanj3@livejournal.com','60d5d8b95d62b0bc611b34afd802ff91'),(689,'Kass Roxbrough',NULL,'kroxbroughj4@twitpic.com','eaa698a2c5d387a542a782a8ac952110'),(690,'Forrester Sollett',NULL,'fsollettj5@slashdot.org','4632ccd32877daac5fae1ba18c77cede'),(691,'Dennie Slimon',NULL,'dslimonj6@plala.or.jp','9adcdfdd8545e2ac2e908494a530ebc9'),(692,'Ericha Gadsden',NULL,'egadsdenj7@nsw.gov.au','444dc0f66383c6ac038facd62c06554e'),(693,'Hervey Roslen',NULL,'hroslenj8@fc2.com','7b4f4bc20505d062889bdc412d107840'),(694,'Felisha Ainslie',NULL,'fainsliej9@bloomberg.com','2b460d7d6739e48d1d989352f7e448d9'),(695,'Ashlan Ferretti',NULL,'aferrettija@dyndns.org','c1590678cf425d56159c8749773c4de0'),(696,'Gusta Shave',NULL,'gshavejb@tiny.cc','f95fe4a6f94a9c411d6439de862da98c'),(697,'Dayle Davydzenko',NULL,'ddavydzenkojc@chicagotribune.com','46a2ad69210aeefdcde76fc27396b3d5'),(698,'Almeda Thomassen',16,'athomassenjd@oakley.com','d5979121b094bec7f6f6a54140cbf552'),(699,'Felizio Dzenisenka',NULL,'fdzenisenkaje@mapquest.com','40f3309b5179f52ead9572de4ec2d768'),(700,'Tarah Learned',NULL,'tlearnedjf@rambler.ru','397b7f08ddd263e186d9d592e893ecad'),(701,'Bobbie Kestin',NULL,'bkestinjg@privacy.gov.au','b95b7eac4c9d51de275faa630d4edd8f'),(702,'Libby Cousens',NULL,'lcousensjh@tripadvisor.com','6c1188b57488fa4751f9b85c3aad43a6'),(703,'Janelle Milton-White',NULL,'jmiltonwhiteji@wired.com','08c4466e74ec4c36743e438d43797e59'),(704,'Zachery Bunce',NULL,'zbuncejj@reddit.com','08e53501b130c7846998b8cfcbd84a10'),(705,'Rollins Collopy',NULL,'rcollopyjk@nba.com','861ff20827a3c900d40a6d8e84333296'),(706,'Griffith Woofinden',NULL,'gwoofindenjl@flavors.me','d9fbf6965e50c44dc7a0a526b869989f'),(707,'Lona Imrie',NULL,'limriejm@ft.com','63c1339479ed2543e440abaf25ed386f'),(708,'Flossi Dumingos',NULL,'fdumingosjn@arstechnica.com','fd46ab7dc807f51f06b1394cbe518069'),(709,'Burtie Trumpeter',NULL,'btrumpeterjo@indiatimes.com','279c164bed994606cbc25fac7e98cc68'),(710,'Carolann MacCarlich',NULL,'cmaccarlichjp@merriam-webster.com','d94f4d0573bafb83631e5b4256b04743'),(711,'Clarence Sweeting',NULL,'csweetingjq@auda.org.au','357fe46c57c7c1925004f12f372199a4'),(712,'Teodoro Lowbridge',NULL,'tlowbridgejr@cmu.edu','f7081eb2992deb30f1abf249135dcb41'),(713,'Scotti Porkiss',NULL,'sporkissjs@51.la','1e52e7c677501cb24e90da025270fc69'),(714,'Elia Klagges',NULL,'eklaggesjt@harvard.edu','c3e5d064cc6d7df903e74e87c94437e8'),(715,'Kliment Carlo',NULL,'kcarloju@state.tx.us','f0a3c2797d6c34ab9e4a7889052d361b'),(716,'Adair Angrock',NULL,'aangrockjv@qq.com','292cf03aaee494c99a2eed4ccace8bc6'),(717,'Niel Okenden',NULL,'nokendenjw@flavors.me','dfe011bcf81825d5a6425252c29d471c'),(718,'Jethro Gradon',NULL,'jgradonjx@ebay.co.uk','8cf3eb869c30a80afa7b8f5e2dc21835'),(719,'Neddy Speaks',NULL,'nspeaksjy@acquirethisname.com','d1700946d3fc0b5ae7eee17164274081'),(720,'Delphine Berrane',NULL,'dberranejz@tripod.com','7e64e9fa0fe2fa752bb1cc67436bf4c3'),(721,'Fanni Pettisall',NULL,'fpettisallk0@bbb.org','68950986eddb8b1ba5149340ae30cc59'),(722,'Venus Bickley',NULL,'vbickleyk1@shinystat.com','9fb6dd3fd5af730b659c9d91d6bfc78b'),(723,'Jacob Lammert',NULL,'jlammertk2@canalblog.com','c1a79b00ca9a132f7911ce8809093d79'),(724,'Kathe Cheetam',NULL,'kcheetamk3@bluehost.com','50d55b27b774a1a58f0c0001cc565717'),(725,'Isiahi Trangmar',NULL,'itrangmark4@hatena.ne.jp','a4c995d27a0c07122e80d1c1dfde4b28'),(726,'Willey Bockin',NULL,'wbockink5@columbia.edu','b8c53f5eb6b178b00ea411367a96459a'),(727,'Arley Switland',NULL,'aswitlandk6@cyberchimps.com','10d767d294662405adec6a8f424b32d1'),(728,'Cecilius Kybbye',NULL,'ckybbyek7@cdbaby.com','fbbf5ccdacf51a038fd05ece47ec5a00'),(729,'Jessee Sebring',NULL,'jsebringk8@oakley.com','cc26ca3bedb9d6a38aff16bda2f11401'),(730,'Lester Bielfelt',NULL,'lbielfeltk9@foxnews.com','e43bf79e217c1d66a9fa9a8b452245ac'),(731,'Frederica Pristnor',NULL,'fpristnorka@cmu.edu','b78fe8adcace38f018105cbfc57c1764'),(732,'Beverly Crathorne',NULL,'bcrathornekb@phoca.cz','8b91ee499673648afede852550369307'),(733,'Sarajane Rizzardini',NULL,'srizzardinikc@ifeng.com','6c7a1aa6a4abcd83523f73b0a900cf68'),(734,'Wanids Woolam',NULL,'wwoolamkd@meetup.com','92a3841565f93a3e7c9e5445ca380928'),(735,'Ferdinande Morde',NULL,'fmordeke@spiegel.de','a94f900ca5ce45dca829c9a1123a4296'),(736,'Arabel Garland',NULL,'agarlandkf@gnu.org','72e51ccaf7c3d236ea42cf2d9c8129d7'),(737,'Jasper Aimer',NULL,'jaimerkg@geocities.jp','e6e5e4055e9044654551eeea1c96d63a'),(738,'Garik Borer',NULL,'gborerkh@mtv.com','5a272a4464a1ba757785726ed2d85f53'),(739,'Elwood Hurran',NULL,'ehurranki@google.com.br','e09c7cfcf5406fbef50362514ad47697'),(740,'Rorke Coverdale',NULL,'rcoverdalekj@sakura.ne.jp','2cbf3914ad17f511eab241b6589d6993'),(741,'Alissa Shyre',NULL,'ashyrekk@gnu.org','e0e34d7f993c1dfad926f7ffb71c19d2'),(742,'Witty Harbidge',NULL,'wharbidgekl@issuu.com','7a89cb0a65af737fd9b81a9aa3e4e708'),(743,'Fernande Acory',NULL,'facorykm@4shared.com','aebee5df5d56f40a05fb12645098009f'),(744,'Eleonora Mattheis',NULL,'emattheiskn@youtu.be','6fce277818c1563840b8ca24257e1f63'),(745,'Humfrid Atkins',NULL,'hatkinsko@netvibes.com','4870eef848d3bb71a5132808947671c5'),(746,'Margaux Lilburne',NULL,'mlilburnekp@army.mil','1836ff03df827514cce17e76b8664793'),(747,'Cy MacAnelley',NULL,'cmacanelleykq@arstechnica.com','f8336ed15504d5ec49998e758f489f8c'),(748,'Bevvy Greetland',NULL,'bgreetlandkr@jalbum.net','b7510c88ec4b7776e3ea8f52a4bd5a81'),(749,'Debora Brindle',NULL,'dbrindleks@prweb.com','2f1b214370428d6f29477f994675553a'),(750,'Silvan Callway',NULL,'scallwaykt@cisco.com','b0120132470bd98dac99e0abc9d0c2a9'),(751,'Brandie Dominicacci',NULL,'bdominicacciku@elegantthemes.com','a84d51a0020b5a84e96261188eed735a'),(752,'Roderich Boc',NULL,'rbockv@printfriendly.com','e0d23d99fc1ff4f999feed6130559706'),(753,'Karry Kempster',NULL,'kkempsterkw@php.net','4e1830b7a2101a86113a6b52bc60f250'),(754,'Carmina Elgood',NULL,'celgoodkx@myspace.com','493ad50e7c48584fd2a7e06b1b98d0eb'),(755,'Mollie Vale',NULL,'mvaleky@histats.com','e011ec92e8785aa69cd0aca7d585a4d3'),(756,'Myrtle Langhorne',NULL,'mlanghornekz@bloglovin.com','09eda98b8472e1cde3e0384ef1faf384'),(757,'Lorrie Keane',NULL,'lkeanel0@wired.com','d4581c62b7dfafd8952e0f7d5afce320'),(758,'Orrin Northey',NULL,'onortheyl1@mysql.com','d18086e2921a9ac8d2b52c6ea27c0830'),(759,'Corene Rainsdon',NULL,'crainsdonl2@weebly.com','c222a0a40cfd481419d3a4349f568d95'),(760,'Martina Dodgshon',NULL,'mdodgshonl3@bizjournals.com','aebebc693767274412f60d1ba3211f2f'),(761,'Genevieve Shelborne',NULL,'gshelbornel4@intel.com','70342d340f680e499457996e147b5ddf'),(762,'Rooney Kirgan',NULL,'rkirganl5@ucla.edu','70bdd3d85012beadf2d071abec53ae97'),(763,'Miltie Stainton - Skinn',NULL,'mstaintonl6@omniture.com','b80d8bb27dbf4f6959128df55c8a755f'),(764,'Filippo Hawthorne',NULL,'fhawthornel7@sitemeter.com','a570eb416032aa3424830e192e28721c'),(765,'Cati Brisset',NULL,'cbrissetl8@google.fr','068ae4ac33f54c3c7a730911c2db04a2'),(766,'Chad Gerson',NULL,'cgersonl9@time.com','09c2a2b9c744440d3ca76e877d07333d'),(767,'Teri Dabs',NULL,'tdabsla@scribd.com','c7a2234571e8d18661d1629a0640866f'),(768,'Giuseppe McFfaden',NULL,'gmcffadenlb@chron.com','dd679261baf29a37db904dacd97369d0'),(769,'Velma Rimbault',NULL,'vrimbaultlc@berkeley.edu','9f2dbca598b6b5245818bc24f6da1841'),(770,'Bogart Venton',NULL,'bventonld@bandcamp.com','4b33b65322e7707f2e8ba2934e5bdc91'),(771,'Casar Selborne',NULL,'cselbornele@vistaprint.com','d57ee096e17d1a2dbe416e9cefea94bc'),(772,'Phineas O\'Cannan',NULL,'pocannanlf@foxnews.com','179c90274aa87d55c1aeabf28b7bb88a'),(773,'Ula Kuhnert',NULL,'ukuhnertlg@multiply.com','8d61fe1bf4c4262d98f74d735d8ff045'),(774,'Phyllis Flintoft',NULL,'pflintoftlh@odnoklassniki.ru','a7d4073e60c57e004a6dcd5a461d4cc1'),(775,'Isaak Petel',NULL,'ipetelli@google.com.au','dd683db847b5f374759d0983122580b3'),(776,'Marlo Kryszka',NULL,'mkryszkalj@wired.com','c42e444ae5ea1bc4f48ec8243c5f09e6'),(777,'Idalina McKevany',NULL,'imckevanylk@state.tx.us','d023fe260012e717ed1305ddada21e95'),(778,'Chelsy Caplen',NULL,'ccaplenll@yellowbook.com','9acbc3c77eb71970aaac500d6174498a'),(779,'Ericka Hallows',NULL,'ehallowslm@columbia.edu','18103133ce641d389b0db065f16c8c0e'),(780,'Krispin Lieb',NULL,'kliebln@bing.com','1c7c465ff8e27278c79e1b737faf5ea6'),(781,'Trent Layfield',NULL,'tlayfieldlo@google.com.hk','b9e7a758bad3dce995596108b7bdcb51'),(782,'Jarrett Cervantes',NULL,'jcervanteslp@aol.com','91b6129bd838b49acfda8f49a4da006e'),(783,'Aluin Appleford',NULL,'aapplefordlq@technorati.com','1429dcb7a3c639336f57ce2736009558'),(784,'Chery Segeswoeth',NULL,'csegeswoethlr@altervista.org','9d937cd7e6f348a36de53b8898c43ee8'),(785,'Gwenette Wulfinger',NULL,'gwulfingerls@ed.gov','b3ef8b56806e553389f12558f39214c0'),(786,'Aubry O\' Cloney',NULL,'aolt@archive.org','3296c63375d52e3e9cbe2a7e08d3f5b8'),(787,'Doralyn Darlasson',NULL,'ddarlassonlu@opensource.org','54ca380161deb6965b66d49675b5022d'),(788,'Garv Ahmed',NULL,'gahmedlv@nifty.com','38e1b4be9aed1e3e98778e539e5c10e2'),(789,'Evvy O\'Heneghan',NULL,'eoheneghanlw@statcounter.com','2ea3e0b37746f34c48ab8e0df23ada90'),(790,'Rex MacKaig',NULL,'rmackaiglx@statcounter.com','7eaaddbdf42ec227758f7c3044270d6a'),(791,'Cathryn Crowther',NULL,'ccrowtherly@netscape.com','2bfc1c8c06b92638aafa263ef072f88b'),(792,'Hartwell Stouther',NULL,'hstoutherlz@jigsy.com','f73c9f45a3255eb70accb1d2f30b4ab6'),(793,'Otha Boltwood',NULL,'oboltwoodm0@yellowbook.com','9dc88dae09086e50e2bac1f46a45a69f'),(794,'Willis Steeden',NULL,'wsteedenm1@wired.com','f4300f6fbf357835c2aa9a139f04d6cc'),(795,'Violante Hincham',NULL,'vhinchamm2@furl.net','b5521814642e409f1b843e484dcd2421'),(796,'Cyndie Cordrey',NULL,'ccordreym3@canalblog.com','8c8a371160cf321281d823f12f64e8bf'),(797,'Carey Wytchard',NULL,'cwytchardm4@cmu.edu','f889caa60d058719ae57bdf55a7fd65e'),(798,'Blinnie Schirach',NULL,'bschirachm5@washington.edu','a7d7a82f235071d6296485ce7cd81cf5'),(799,'Constantine Trowl',NULL,'ctrowlm6@godaddy.com','7545e1344db785fc2fa899eca4569c56'),(800,'Dacia Snaddon',NULL,'dsnaddonm7@google.it','efd671aba8c6507acc227dfe98ac98c5'),(801,'Ashil Henaughan',NULL,'ahenaughanm8@redcross.org','8fd044a4f0349188e03bebb5f007c9e5'),(802,'Jazmin Lotte',NULL,'jlottem9@php.net','f10ccb700b6df3f9b251bbbbe84d20ff'),(803,'Benyamin Beecroft',NULL,'bbeecroftma@51.la','0a03748ad5cb8908a3283be2498be9b7'),(804,'Mada Deathridge',NULL,'mdeathridgemb@mapquest.com','b1672818019041dfc6b064d5aaa86670'),(805,'Pen Mapholm',NULL,'pmapholmmc@ftc.gov','bdbe509784aa94877919df38b9898776'),(806,'Ignacius MacKean',NULL,'imackeanmd@dailymotion.com','7adec37382e7cd5291fcef20116750f5'),(807,'Alfi Fisher',NULL,'afisherme@sphinn.com','e9237cffb1f96c82a0d2e86fdc6faadf'),(808,'Arline Theaker',NULL,'atheakermf@behance.net','df98ff57f35309d252a427c3f0edc27e'),(809,'Melamie Szymanski',NULL,'mszymanskimg@hexun.com','86770fe1cf871c505be7485a4e3571f4'),(810,'Herb De Normanville',NULL,'hdemh@1688.com','ca2e6b7d5151dbb8fc30c2408ef8e004'),(811,'Broddy Dew',NULL,'bdewmi@mozilla.com','fba48bc8aa1f4b74bd13a4594f819139'),(812,'Shayna Mc Faul',NULL,'smcmj@opera.com','bb20a27fc73ccdfa6767cff2af0888cf'),(813,'Dore Kellard',NULL,'dkellardmk@google.cn','985cfe2674728d862ab6a93abe824b76'),(814,'Teodora Rickeard',NULL,'trickeardml@trellian.com','31d09769d915e0fa189f1ae76c9d03d0'),(815,'Konstantin Dominichetti',NULL,'kdominichettimm@cornell.edu','a4c5a60fd64778402fba846d2d003736'),(816,'Ogden Tofful',NULL,'otoffulmn@spiegel.de','ffdb3b71f1e129615a10098a104796da'),(817,'Tate Handyside',NULL,'thandysidemo@bbb.org','f998ea1207fb95a99fd0cebe7c27da5d'),(818,'Riley Gable',NULL,'rgablemp@cbc.ca','7644fbc78ea3962bd1da2da42f21a577'),(819,'Thomas Weaver',NULL,'tweavermq@phpbb.com','cc6d16e5881ea31b7892aa34dd010d99'),(820,'Mahmoud Raisher',NULL,'mraishermr@ifeng.com','d487f2f89567bb3eca60737d9b827280'),(821,'Marlo Curedale',NULL,'mcuredalems@rediff.com','4a88bce249f904f660ad53611293f116'),(822,'Hyacinthia Firmager',NULL,'hfirmagermt@google.cn','2520943806bfdc8f58b9c5f7a370e9cb'),(823,'Wit Hampshaw',NULL,'whampshawmu@addthis.com','fb3a94e637e3386d2b4004c45b44fe91'),(824,'Zacharie Teliga',NULL,'zteligamv@army.mil','fad344318a4288e16cb46e070757b9dd'),(825,'Lidia Brettoner',NULL,'lbrettonermw@moonfruit.com','a20319a6af838b94ea76f1b14dad164b'),(826,'Myra Allebone',NULL,'mallebonemx@uiuc.edu','d3ea4770b8fe5dc0fc1eebb61d9dc3c2'),(827,'Sibby Selby',NULL,'sselbymy@go.com','1da108cd77c458393a6c61941b0f424c'),(828,'Rhett Snaith',NULL,'rsnaithmz@ca.gov','8b0bc1bdd79bc255fc80592eb357d8ff'),(829,'Hamil Schwant',NULL,'hschwantn0@weebly.com','da23ca47edcff421a5be47d3254c6ad4'),(830,'Pincus Lipprose',NULL,'plipprosen1@dot.gov','a030ea1bdd310b68b351bcfd25f147b8'),(831,'Stinky Gierek',NULL,'sgierekn2@smugmug.com','0fbb1cc54cf06bd307796a99ae945a32'),(832,'Zebadiah Wimbush',NULL,'zwimbushn3@jugem.jp','5bd06e9f9008390124963adfab482f45'),(833,'Carmine Mascall',NULL,'cmascalln4@reverbnation.com','b51f3c82bfd0f76f403324df54d4ec3b'),(834,'Paquito Cowen',NULL,'pcowenn5@latimes.com','b968a0238627ae6915c6c545c27b15dc'),(835,'Cinnamon Liggins',NULL,'cligginsn6@fastcompany.com','705234f2d66fa6880c7691eaf7c4e322'),(836,'Fredericka Order',NULL,'fordern7@yale.edu','3a933c3f87d7d19a5cd2a3daba5aeea0'),(837,'Merrie Humfrey',NULL,'mhumfreyn8@mayoclinic.com','64c222cf1af87a3286dd51da27d34a1c'),(838,'Gilda Fearnall',NULL,'gfearnalln9@house.gov','9c962fa4b4ea6b6961feb9017dcbd11b'),(839,'Niels Jeffray',NULL,'njeffrayna@google.ca','261d0497849e5e4247a4cf430ee317f0'),(840,'Florette Bleier',NULL,'fbleiernb@prnewswire.com','8146485a71e9b9c9997b10a1bdbf5ff9'),(841,'Lizzy Giacovazzo',NULL,'lgiacovazzonc@lycos.com','e1eeb669d4c9566d5fbd81339b27cdc3'),(842,'Delano Brideoke',29,'dbrideokend@cornell.edu','e27568cec64bdbde88e40a9b0aadad55'),(843,'Ertha Tuerena',NULL,'etuerenane@hhs.gov','9f34ba3df696adff066c06b29efd82db'),(844,'Laetitia Pridmore',NULL,'lpridmorenf@oakley.com','7077a30665ac2e3d7daa3ed005bbe0f7'),(845,'Trista Filyashin',NULL,'tfilyashinng@skyrock.com','208b342e202647bf09d15f34045aa3fd'),(846,'Rudiger Sherar',NULL,'rsherarnh@jimdo.com','e5c59bab73175b3eae8a6ba850453fe8'),(847,'Shem Mc Caughan',NULL,'smcni@taobao.com','7568e6813d2b3298a51d35abbe127962'),(848,'Walsh Johnke',NULL,'wjohnkenj@msn.com','749c9418fd4d4417db2b673137e57c45'),(849,'Marylinda Trytsman',NULL,'mtrytsmannk@t-online.de','fec6579a1e95d7fa19045abaf5bc3798'),(850,'Veda Balstone',NULL,'vbalstonenl@arstechnica.com','d36e7a4a0ee50a8e5ffe557263f2ee99'),(851,'Cristin Plum',NULL,'cplumnm@time.com','afa2ea5a7a58155c10c5a18fd42fc856'),(852,'Maximilian Tathacott',NULL,'mtathacottnn@upenn.edu','9c50d7de80c61a2ae00a83fd34bbad7a'),(853,'Frieda Heighton',NULL,'fheightonno@google.nl','f7084e73a1469c561c1308bb225d9ca8'),(854,'Clementina Cerie',NULL,'ccerienp@oaic.gov.au','999f6250b53042073f301eb22e59cc48'),(855,'Leif Simonou',NULL,'lsimonounq@state.tx.us','6b0a8c0dd4a93dbb8714e3ebadb26b4f'),(856,'Sheree Corah',NULL,'scorahnr@squarespace.com','13955a64ab8ff8a5e21af0f5a6ba6cb0'),(857,'Rand Rawe',NULL,'rrawens@nationalgeographic.com','1a0c7fd7c3b9a2396c7b6ee3a969d689'),(858,'Orelie McLeary',NULL,'omclearynt@opera.com','41f85df308fb3883fa6a68720689028a'),(859,'Sissie Balden',NULL,'sbaldennu@hibu.com','77ec338541dd563eaab3316c9f562328'),(860,'Burk Peckham',NULL,'bpeckhamnv@csmonitor.com','341e9bc111d9d919116e1c6a0701f2c2'),(861,'Kellen Ashdown',NULL,'kashdownnw@jigsy.com','126cc94bd7b4aaab069108b4eae1d402'),(862,'Kermy Hunnaball',NULL,'khunnaballnx@topsy.com','9dac0805628824b424022fe4c83fbab9'),(863,'Malina Knaggs',NULL,'mknaggsny@blogtalkradio.com','3b307ef858a01dc5843fbb984ba42a8d'),(864,'Florentia Angrove',NULL,'fangrovenz@1und1.de','e1035129fb54cb96099f1989f8f036c5'),(865,'Patin Hathaway',NULL,'phathawayo0@engadget.com','e8154e1c9fa64569c1f1d910b574fb16'),(866,'Edvard Vaughan-Hughes',NULL,'evaughanhugheso1@cnn.com','08e3f0532ac28546cb6fef0edfe67db2'),(867,'Henri Jerrim',NULL,'hjerrimo2@diigo.com','0f4eb8af38c3fb91869b7491f184a8fd'),(868,'Rochella Stebbing',NULL,'rstebbingo3@mapquest.com','3471d60fac75f5ee83931e8d5c2e170f'),(869,'Gayle Cumbes',NULL,'gcumbeso4@cdbaby.com','8d07a8e495e1588f50ca46b590499dc7'),(870,'Evangelin Tenaunt',NULL,'etenaunto5@lycos.com','65f6c5f0ce8d36f9860fd694af9fc11d'),(871,'Ernaline Burchett',NULL,'eburchetto6@sourceforge.net','ba07ebfc58e7d0e77d1be7335ed1cd36'),(872,'Chery Coleyshaw',NULL,'ccoleyshawo7@nhs.uk','c69b7237197e213338da8d7c50b8e796'),(873,'Ulberto Hobson',NULL,'uhobsono8@aol.com','ede0eb940dfb2b1c84ccc0a9967a3f96'),(874,'Ryan Bowerbank',NULL,'rbowerbanko9@hc360.com','8a9848fde304cb905e28961887679695'),(875,'Jacklin MacGowan',NULL,'jmacgowanoa@dedecms.com','5748053724d22667950349fa7c4a5da4'),(876,'Kat Paradyce',NULL,'kparadyceob@reddit.com','36f47f163872de138188f0d54ce710bc'),(877,'Peri Rhoddie',NULL,'prhoddieoc@cocolog-nifty.com','339f6ce3d2e2115aaf61f3b5c21827d7'),(878,'Xerxes Maud',NULL,'xmaudod@samsung.com','32bbbed26208775dbf91743da1266655'),(879,'Bobby Lannen',NULL,'blannenoe@cmu.edu','396a2d5f9fbf3e7b86566f4daaf2a8e9'),(880,'Alysia Pattle',NULL,'apattleof@storify.com','a24c8439d9dc53510396336aa5d4558b'),(881,'Adele De Courtney',NULL,'adeog@blogger.com','5b766e27f61f8a6d4308eac6e086d5a0'),(882,'Conrad Madine',NULL,'cmadineoh@aboutads.info','2096c93bc511a997058646b51a918178'),(883,'Cassie Westoff',NULL,'cwestoffoi@multiply.com','a6a5fe53e43bcf98ca94a5ecd09de78b'),(884,'Doralynne O\'Howbane',NULL,'dohowbaneoj@mashable.com','3dc006fb3786e267d920ec7f54c587c6'),(885,'Sandro Ismail',NULL,'sismailok@gizmodo.com','d931b033df75e0b96af5640a38e1230f'),(886,'Geneva O\'Cullinane',NULL,'gocullinaneol@skyrock.com','4b40fba0d3a3933da707e1a96934549e'),(887,'Blair Ruprechter',NULL,'bruprechterom@fda.gov','8026b2c55b13f48523428aa68858ffd6'),(888,'Joanie Thurlborn',NULL,'jthurlbornon@cbslocal.com','b6e331bee4076f1e3ac6737f24dec155'),(889,'Kaia Forst',NULL,'kforstoo@free.fr','84d0c6d0dd4058d9294de9c7d557f718'),(890,'Bond Denley',NULL,'bdenleyop@hud.gov','e53625d8079e8bcdf73aaeb423554141'),(891,'Hamil Visco',NULL,'hviscooq@nationalgeographic.com','705d136266eba8272486d84d6dc3aa28'),(892,'Judye Tucker',NULL,'jtuckeror@microsoft.com','fc76ff09f25b12a83aaddfa008df8933'),(893,'Pandora Grolle',NULL,'pgrolleos@hostgator.com','8136774e71939c4fd2276edaa6cb094c'),(894,'Issiah Comoletti',NULL,'icomolettiot@w3.org','0bd9dbc4a21dba0c3932caf0eb06030e'),(895,'Jesus Minogue',NULL,'jminogueou@biglobe.ne.jp','b79e55fa6e076f108f879b52c630b6ea'),(896,'Haley Rockey',NULL,'hrockeyov@seesaa.net','1ec025f564141add7cda1d2d0178cc29'),(897,'Nathanael Gabbett',NULL,'ngabbettow@nsw.gov.au','4e7be12de7bb084b8c6b7a976303a251'),(898,'Sondra Gayter',NULL,'sgayterox@baidu.com','9255d2ae4d24d070f8b47ef70ca36d82'),(899,'Rick Dyster',NULL,'rdysteroy@oaic.gov.au','fbf74f050f29a165c1fed8102e172c0b'),(900,'Olva Cawkill',NULL,'ocawkilloz@hc360.com','dd6d7099ab39120215871bea026f58e0'),(901,'Nealson Evison',NULL,'nevisonp0@paginegialle.it','fe9e1e4271ada4f1acd48a763c40f3e0'),(902,'Greta Piel',NULL,'gpielp1@infoseek.co.jp','ae54c27ac13724ad097b249772b3f89b'),(903,'De witt Avrahamof',NULL,'dwittp2@4shared.com','fc4abb1a0d81e9e8a1053a2d936e80e2'),(904,'Eda Klimt',NULL,'eklimtp3@elegantthemes.com','300e74721276052fc070f3142269975d'),(905,'Alfonse Schwant',NULL,'aschwantp4@woothemes.com','65626957ff118cf608b2629b8f9e2aaf'),(906,'Cinderella Berthome',NULL,'cberthomep5@phoca.cz','52d689e741fcf87b4b707a9a4bf5d98c'),(907,'Zollie Kelloch',NULL,'zkellochp6@noaa.gov','7f3d2ee60f9576be85db8d0de20eb0a2'),(908,'Rooney MacIllrick',NULL,'rmacillrickp7@phoca.cz','067c7b0a35bd6182b946dbfbd5432a1f'),(909,'Wash Whetnell',NULL,'wwhetnellp8@jalbum.net','b9bf8c4489461a3a3b17af764e9f1dce'),(910,'Georgeanna Tick',NULL,'gtickp9@angelfire.com','bd9d0f7ba7d62467da71edc3bf59be7b'),(911,'Tabbatha Alloway',NULL,'tallowaypa@mapquest.com','06f85f6a49ad797b487ae49decc0e07a'),(912,'Elene Ouver',NULL,'eouverpb@toplist.cz','d86f646348f45b19f97dc263ba06c709'),(913,'Kenn McArdle',NULL,'kmcardlepc@ft.com','4da2d1e0d18825ec46be832b0dd08fa0'),(914,'Suki Harrell',NULL,'sharrellpd@nymag.com','49cf893cb66d0eb57ac9837a44aca314'),(915,'Francis Baud',NULL,'fbaudpe@xinhuanet.com','49c95c7a384f324f1d6b00a5f1ee2315'),(916,'Kania Slyde',NULL,'kslydepf@cargocollective.com','d609ebed5e6c7a9ce85292c111799602'),(917,'Allianora Boyack',NULL,'aboyackpg@over-blog.com','485a28862327a07c6a58ea229b2e8440'),(918,'Billie Irce',NULL,'birceph@ustream.tv','4c2789df774589e1ce3b2f3cbc02c37e'),(919,'Cissy Dabney',NULL,'cdabneypi@netvibes.com','c8bb6421a726d06665fa2b88d5aba1f6'),(920,'Max Gurr',NULL,'mgurrpj@a8.net','8d977c7b279494a49c4b893dd196ca4a'),(921,'Ara Caudrey',NULL,'acaudreypk@cdbaby.com','f200474b1a81f929efde067292abf3db'),(922,'Arley Stirtle',NULL,'astirtlepl@paginegialle.it','126052967265f074080126719c27ab5c'),(923,'Hewie Breit',NULL,'hbreitpm@hibu.com','512ad64f04154f3ac1ba36b1811f3f37'),(924,'Carmencita Ridewood',NULL,'cridewoodpn@abc.net.au','57119f59ab415e9e16f0c40681b1887e'),(925,'Chicky Roxby',NULL,'croxbypo@topsy.com','098954834d1b6454d5c5cf92b74bff65'),(926,'Sebastian Kuschke',NULL,'skuschkepp@geocities.com','531b9aa3e5a8139333468038bf984786'),(927,'Floris MacSherry',NULL,'fmacsherrypq@artisteer.com','6e754dac2769d3700a21b80382cbf860'),(928,'Agnella Backshall',NULL,'abackshallpr@example.com','4147e22a2a73bcf9c6572143633bbc55'),(929,'Jada Postans',NULL,'jpostansps@delicious.com','bf48bc8bb4900ffe6660bdd7d74a904b'),(930,'Ruttger Cupper',NULL,'rcupperpt@aol.com','5a2ea6e6e9ffa6590054ec8b7e977cd8'),(931,'Jean Kubala',NULL,'jkubalapu@addtoany.com','3e0ce8377b5de5a12482a87ea991d216'),(932,'Launce Mattes',NULL,'lmattespv@1688.com','6d318bd74ee4aeecc5d3948599f4716a'),(933,'Rebecca Dolan',NULL,'rdolanpw@state.tx.us','117d8266aa582b4a260e6dded82d38cf'),(934,'Powell Woolard',NULL,'pwoolardpx@vk.com','5ffed88924f1cb4e1b1c88f0dc811653'),(935,'Kamila Casiroli',NULL,'kcasirolipy@deviantart.com','bc57c752c8817a0ae7ea01c407f55fd9'),(936,'Gabbie Tolotti',NULL,'gtolottipz@bluehost.com','d19a6324d4cc9c169a5f49cef03b7a7e'),(937,'Valaria Matushevitz',NULL,'vmatushevitzq0@bluehost.com','087a75f0dc1f8d5aebb2e2f045a7e972'),(938,'Franklyn Fanshawe',NULL,'ffanshaweq1@vimeo.com','02dc5f21bcfe80125fe52f73a2707fb9'),(939,'Julie Lummasana',NULL,'jlummasanaq2@google.fr','cfaca9b2dd7cf652b3739e1d958942f5'),(940,'Gayla Orrum',NULL,'gorrumq3@virginia.edu','6d452eb97481ac05fce65d81f3071890'),(941,'Massimiliano Dmitrichenko',NULL,'mdmitrichenkoq4@boston.com','0b51354af9d10d6641da26f57874328e'),(942,'Lizbeth June',NULL,'ljuneq5@jimdo.com','a685f3ea83a5b9f964d75b2ca5c3522f'),(943,'Delphine Sigge',NULL,'dsiggeq6@feedburner.com','4c8efafe8677be874f92f5575a5b1d5b'),(944,'Donnell Yankeev',NULL,'dyankeevq7@geocities.com','4fb4149acaae57936814000ffff16c29'),(945,'Pier Quade',NULL,'pquadeq8@dmoz.org','57ed702d3cc309e788213d53fde081d2'),(946,'Hurleigh Westby',NULL,'hwestbyq9@nifty.com','dccf1b313a9f2eb0fbdf558018c44234'),(947,'Ethyl Barca',NULL,'ebarcaqa@ning.com','ed8faf45cd0c3e0cbe99455a3cb57359'),(948,'Maire Philp',NULL,'mphilpqb@shop-pro.jp','23d41f243f1b3e7ecd34049c103c062b'),(949,'Tam Thatcher',NULL,'tthatcherqc@unc.edu','4511e877d2cab465503376bc7a8db7c8'),(950,'Erskine Blaver',NULL,'eblaverqd@arizona.edu','e5b39a956522d262ffad11bca3d32eb4'),(951,'Cate Digan',30,'cdiganqe@deliciousdays.com','a76248954722a3001a027f1ee75a0fc8'),(952,'Brendis Pedri',NULL,'bpedriqf@shinystat.com','958cfe810787235be2ecc2e94e1d7bf3'),(953,'Karlee Oldcote',NULL,'koldcoteqg@abc.net.au','4241bdfbe231ba6f1a79fe1f19c0a5b6'),(954,'Bordie Bauser',NULL,'bbauserqh@is.gd','482380b0f326ce165c476ce34ccb80a7'),(955,'Tally Sefton',NULL,'tseftonqi@gravatar.com','0b44d3041d8db9c4dbb66dba0c2f51c2'),(956,'Sandy Retallick',NULL,'sretallickqj@cisco.com','40cf877a064fd3344ab0b147592e6a7c'),(957,'Mayne Hassard',NULL,'mhassardqk@ebay.com','76ff0fcdb35301719dcca42668a0c4cd'),(958,'Angelita Matijasevic',NULL,'amatijasevicql@apple.com','aff222ad2e42f0e1ff8438ece838c5eb'),(959,'Torrance Landal',NULL,'tlandalqm@xing.com','06c248c5f2b146aafd7ef0967eb5084d'),(960,'Jannelle Brewett',NULL,'jbrewettqn@mediafire.com','ba71c4e482568e04d575511fec3cd8a4'),(961,'Albrecht Swaddle',NULL,'aswaddleqo@jalbum.net','60c35ec146339ebf11851977b5963cc7'),(962,'Lanie Filinkov',NULL,'lfilinkovqp@squarespace.com','0c4c60a5ba3d1fb93c6d245203fe4b20'),(963,'Ericha Waldron',NULL,'ewaldronqq@youtube.com','ae9839a0ec4a218395a8f01adca914ab'),(964,'Meredith Semerad',NULL,'msemeradqr@163.com','73136aa9cf298835462f55f59797621a'),(965,'Rori Seligson',NULL,'rseligsonqs@unc.edu','678a37292d9d6e8446c3c6df70e999d1'),(966,'Honey Chetham',NULL,'hchethamqt@msu.edu','a0867af5e0dcce46ac6eb6899741f5bb'),(967,'Eben Fawcus',NULL,'efawcusqu@nature.com','b881523a10d5d678e7756290abffa538'),(968,'Ellswerth Matz',NULL,'ematzqv@engadget.com','2e199b4787da9c1f6b1eaf5060f7970e'),(969,'Georgianna Deveraux',NULL,'gdeverauxqw@cnet.com','4e6e53800fc037c3fec8d29688dd1e93'),(970,'Sebastian Moyse',NULL,'smoyseqx@mit.edu','efbb2327bdae6b6b5da7889bee36511d'),(971,'Teri Deroche',NULL,'tderocheqy@oaic.gov.au','bd7df46b64ec1b2db215b0ec1dffaf14'),(972,'Kimberlyn Southcoat',NULL,'ksouthcoatqz@cafepress.com','20abad4162c5a16d35302c08050c6cdd'),(973,'Tremain Rudgley',NULL,'trudgleyr0@mapquest.com','8e66bc3eda60ff2777846b787c40ce53'),(974,'Brina Divis',NULL,'bdivisr1@engadget.com','e1ba38e5988cfbef968d42384099c377'),(975,'Ive Maben',NULL,'imabenr2@twitpic.com','d53e8f9818543ba7109cd0f1d29bf778'),(976,'Mignonne Spawton',NULL,'mspawtonr3@com.com','b19a6ee0fdc07fd070040ae2e4f40c86'),(977,'Archaimbaud Hysom',NULL,'ahysomr4@deliciousdays.com','7208325daf86a014892f4b1b76106c79'),(978,'Alva Lanham',NULL,'alanhamr5@github.io','7025e23a726b2f0bcd7c1f0f273cb336'),(979,'Niel Banasiak',NULL,'nbanasiakr6@discuz.net','b1f309bf110a9d16a48d5c26841d188a'),(980,'Berri Cousins',NULL,'bcousinsr7@last.fm','10124cdb00ea7e351a8b6f0e34f92f12'),(981,'Suzanne Fowley',NULL,'sfowleyr8@aboutads.info','dfe2fb271d63df6e207f68cc16031877'),(982,'Ruttger Rasell',NULL,'rrasellr9@wikispaces.com','f743b3bcdf91dcc0c8452f5f2af95a1a'),(983,'Lucinda Claris',NULL,'lclarisra@mit.edu','e1d543d65026f28443e6ea2fe118b154'),(984,'Hyacintha Haldon',NULL,'hhaldonrb@google.co.jp','636fc704111b370c536dadc51e39aaae'),(985,'Hewet Thairs',NULL,'hthairsrc@unblog.fr','7e741de1a77abd2ecea161527df97966'),(986,'Kitty Gurko',NULL,'kgurkord@webmd.com','0c2614e5d6e9fc3fc8b19e8ca2139a7d'),(987,'Fern Mawson',NULL,'fmawsonre@exblog.jp','cde611c1f6df7dd25ac4126b948a0ea2'),(988,'Drusi Brattan',NULL,'dbrattanrf@va.gov','d37f918ad0308c4eda0dff4d691b0637'),(989,'Way Nary',NULL,'wnaryrg@usa.gov','adff24405f0f1c3f1b8ac0cc8794a706'),(990,'Germaine Staunton',NULL,'gstauntonrh@patch.com','44352382169fcb8c2979b86e0f9fa8f9'),(991,'Barde Nevin',NULL,'bnevinri@usda.gov','28e35bd4d7c368ff4ff5f06a380c239e'),(992,'Ameline Kinney',NULL,'akinneyrj@independent.co.uk','38649d2fc673179def30653cf5bb8efb'),(993,'Reamonn Josephs',NULL,'rjosephsrk@geocities.jp','54f47eefd94fd8974a86b889fb4b85a2'),(994,'Enrica Brereton',NULL,'ebreretonrl@mapy.cz','b84be16fb694461fd5cdbd5d1f010a54'),(995,'Isidora Parlatt',NULL,'iparlattrm@plala.or.jp','606c5e45359cee7dc7516c30cde8ddf9'),(996,'Twyla Perch',NULL,'tperchrn@jigsy.com','f203620c882676bd487fb93018ba1391'),(997,'Erhart Mapplebeck',NULL,'emapplebeckro@mit.edu','3418efc0a99508eefb4dc451a9a0bf5c'),(998,'Teddie Baglan',NULL,'tbaglanrp@google.co.uk','b7d99ba3c6d8467716129d0a3ab67a94'),(999,'Marcellina Erdely',NULL,'merdelyrq@narod.ru','7f32e43f59041032f221a3a24205413c'),(1000,'Peder Redmond',NULL,'predmondrr@hugedomains.com','e73e61349666e955c9b8d4fced14a84c'),(1001,'José Amargurido Alva',NULL,'JoseAmr5@gmail.com','6c61034470b7f3c2ad50352f6535e7cd');
/*!40000 ALTER TABLE `usuarios` ENABLE KEYS */;
UNLOCK TABLES;

--
-- Table structure for table `usuarios_cursos`
--

DROP TABLE IF EXISTS `usuarios_cursos`;
/*!40101 SET @saved_cs_client     = @@character_set_client */;
/*!50503 SET character_set_client = utf8mb4 */;
CREATE TABLE `usuarios_cursos` (
  `ID` int unsigned NOT NULL AUTO_INCREMENT,
  `fk_Usuarios_ID` int unsigned DEFAULT NULL,
  `fk_Cursos_ID` int unsigned DEFAULT NULL,
  PRIMARY KEY (`ID`),
  KEY `FK_usuarios_cursos_1` (`fk_Usuarios_ID`),
  KEY `FK_usuarios_cursos_2` (`fk_Cursos_ID`),
  CONSTRAINT `FK_usuarios_cursos_1` FOREIGN KEY (`fk_Usuarios_ID`) REFERENCES `usuarios` (`ID`) ON DELETE SET NULL,
  CONSTRAINT `FK_usuarios_cursos_2` FOREIGN KEY (`fk_Cursos_ID`) REFERENCES `cursos` (`ID`) ON DELETE SET NULL
) ENGINE=InnoDB AUTO_INCREMENT=896 DEFAULT CHARSET=utf8mb4 COLLATE=utf8mb4_0900_ai_ci;
/*!40101 SET character_set_client = @saved_cs_client */;

--
-- Dumping data for table `usuarios_cursos`
--

LOCK TABLES `usuarios_cursos` WRITE;
/*!40000 ALTER TABLE `usuarios_cursos` DISABLE KEYS */;
INSERT INTO `usuarios_cursos` VALUES (1,212,4),(2,766,4),(3,25,1),(4,317,1),(5,297,6),(6,253,5),(7,890,5),(8,116,5),(9,17,1),(10,610,7),(11,973,5),(12,58,4),(13,702,2),(14,533,1),(15,414,1),(16,582,1),(17,809,4),(18,432,5),(19,959,6),(20,200,3),(21,236,2),(22,498,5),(23,79,1),(24,933,6),(25,39,4),(26,605,1),(27,433,4),(28,21,3),(29,62,2),(30,742,7),(31,473,7),(32,978,1),(33,161,4),(34,878,7),(35,867,5),(36,461,4),(37,858,4),(38,718,7),(39,686,6),(40,142,1),(41,304,5),(42,995,3),(43,894,1),(44,980,1),(45,545,1),(46,374,4),(47,695,5),(48,261,1),(49,492,2),(50,509,5),(51,373,5),(52,697,2),(53,940,5),(54,435,3),(55,107,1),(56,653,2),(57,334,6),(58,197,1),(59,263,6),(60,408,2),(61,551,5),(62,910,3),(63,667,5),(64,401,2),(65,543,1),(66,522,7),(67,828,7),(68,407,2),(69,94,1),(70,85,3),(71,17,5),(72,123,6),(73,683,3),(74,412,3),(75,626,1),(76,522,7),(77,796,4),(78,174,1),(79,926,3),(80,373,2),(81,188,5),(82,607,1),(83,885,7),(84,106,4),(85,556,5),(86,622,5),(87,604,4),(88,93,2),(89,275,1),(90,882,1),(91,259,5),(92,397,5),(93,37,2),(94,749,1),(95,730,7),(96,815,1),(97,13,6),(98,155,4),(99,830,6),(100,995,4),(101,127,7),(102,999,3),(103,383,1),(104,112,6),(105,299,6),(106,475,2),(107,451,7),(108,467,7),(109,650,4),(110,612,6),(111,873,2),(112,670,2),(113,595,4),(114,790,4),(115,248,6),(116,67,5),(117,762,3),(118,444,5),(119,5,5),(120,830,6),(121,382,7),(122,634,5),(123,248,6),(124,683,5),(125,629,7),(126,329,2),(127,20,2),(128,842,7),(129,565,1),(130,644,6),(131,645,1),(132,98,3),(133,606,2),(134,466,5),(135,170,7),(136,893,7),(137,917,7),(138,464,7),(139,328,5),(140,389,6),(141,749,5),(142,242,6),(143,631,7),(144,780,6),(145,739,1),(146,790,7),(147,686,1),(148,365,1),(149,450,6),(150,963,2),(151,601,2),(152,993,7),(153,423,4),(154,69,7),(155,759,6),(156,327,6),(157,455,3),(158,477,5),(159,566,5),(160,984,3),(161,189,2),(162,969,2),(163,685,6),(164,49,3),(165,783,5),(166,630,3),(167,205,1),(168,349,4),(169,619,4),(170,57,2),(171,932,2),(172,296,3),(173,793,5),(174,211,6),(175,957,5),(176,560,5),(177,68,6),(178,917,7),(179,290,5),(180,33,3),(181,567,7),(182,74,6),(183,436,6),(184,899,4),(185,82,7),(186,128,7),(187,996,3),(188,560,2),(189,282,4),(190,62,3),(191,666,6),(192,668,5),(193,135,5),(194,322,7),(195,256,1),(196,543,3),(197,259,6),(198,267,7),(199,651,6),(200,119,5),(201,451,5),(202,442,5),(203,331,4),(204,48,6),(205,816,6),(206,289,3),(207,16,3),(208,934,3),(209,587,6),(210,675,4),(211,820,6),(212,616,3),(213,826,7),(214,566,6),(215,719,3),(216,443,2),(217,125,4),(218,156,7),(219,555,4),(220,953,1),(221,527,1),(222,431,7),(223,691,4),(224,290,4),(225,7,6),(226,525,2),(227,304,7),(228,255,6),(229,778,3),(230,962,3),(231,528,2),(232,413,7),(233,477,7),(234,588,1),(235,560,6),(236,884,7),(237,773,4),(238,929,1),(239,686,7),(240,215,1),(241,444,3),(242,564,7),(243,279,4),(244,300,7),(245,17,3),(246,498,3),(247,608,7),(248,568,2),(249,498,1),(250,354,7),(251,949,1),(252,120,5),(253,948,5),(254,358,3),(255,972,7),(256,618,6),(257,399,3),(258,784,4),(259,897,1),(260,834,6),(261,72,1),(262,189,6),(263,198,3),(264,228,7),(265,472,7),(266,951,2),(267,381,1),(268,827,1),(269,431,6),(270,625,6),(271,287,3),(272,330,4),(273,621,7),(274,475,5),(275,182,3),(276,34,6),(277,915,3),(278,434,6),(279,728,4),(280,608,1),(281,890,2),(282,513,2),(283,624,3),(284,807,7),(285,12,3),(286,621,3),(287,306,1),(288,533,6),(289,112,1),(290,657,7),(291,204,5),(292,16,2),(293,171,6),(294,960,5),(295,824,7),(296,113,6),(297,507,6),(298,370,1),(299,761,3),(300,161,7),(301,763,7),(302,725,5),(303,412,3),(304,59,1),(305,62,1),(306,357,7),(307,14,4),(308,229,2),(309,130,2),(310,23,6),(311,994,7),(312,826,7),(313,958,6),(314,538,7),(315,796,6),(316,560,1),(317,302,3),(318,323,1),(319,466,1),(320,175,1),(321,199,7),(322,114,1),(323,829,7),(324,333,6),(325,68,1),(326,444,4),(327,941,2),(328,239,4),(329,512,1),(330,492,6),(331,595,5),(332,108,5),(333,808,7),(334,429,2),(335,166,7),(336,250,1),(337,221,1),(338,742,3),(339,932,5),(340,19,4),(341,921,4),(342,171,6),(343,190,1),(344,42,4),(345,478,3),(346,347,6),(347,539,5),(348,312,1),(349,416,5),(350,936,5),(351,103,5),(352,19,6),(353,443,2),(354,8,7),(355,476,6),(356,572,1),(357,497,3),(358,264,3),(359,184,2),(360,210,6),(361,310,7),(362,430,7),(363,394,4),(364,738,6),(365,137,7),(366,199,4),(367,596,3),(368,194,5),(369,246,5),(370,824,4),(371,234,7),(372,230,3),(373,781,1),(374,718,2),(375,599,5),(376,897,1),(377,466,6),(378,424,2),(379,885,4),(380,810,5),(381,498,6),(382,974,3),(383,828,1),(384,312,1),(385,142,1),(386,437,3),(387,340,4),(388,512,7),(389,298,2),(390,57,5),(391,545,1),(392,561,5),(393,75,2),(394,901,4),(395,415,2),(396,491,4),(397,367,6),(398,758,4),(399,447,4),(400,168,7),(401,193,5),(402,968,3),(403,211,7),(404,640,6),(405,441,1),(406,958,3),(407,341,7),(408,629,3),(409,903,5),(410,815,6),(411,603,4),(412,220,6),(413,106,6),(414,444,2),(415,546,7),(416,269,1),(417,931,2),(418,47,1),(419,128,6),(420,828,7),(421,109,2),(422,509,5),(423,201,3),(424,630,7),(425,449,4),(426,127,4),(427,159,4),(428,437,3),(429,801,3),(430,984,5),(431,674,6),(432,333,6),(433,575,1),(434,845,5),(435,637,1),(436,171,5),(437,251,4),(438,16,6),(439,419,4),(440,716,1),(441,956,2),(442,301,3),(443,533,2),(444,944,7),(445,105,2),(446,980,7),(447,689,1),(448,167,5),(449,844,5),(450,621,2),(451,753,5),(452,487,7),(453,900,7),(454,967,3),(455,965,7),(456,234,3),(457,612,6),(458,540,1),(459,619,6),(460,522,7),(461,162,5),(462,420,6),(463,687,6),(464,936,2),(465,702,2),(466,963,3),(467,600,1),(468,765,2),(469,706,1),(470,399,3),(471,304,3),(472,105,2),(473,279,2),(474,205,7),(475,654,1),(476,22,5),(477,144,4),(478,920,4),(479,853,6),(480,350,1),(481,270,1),(482,439,6),(483,865,2),(484,995,1),(485,676,6),(486,310,7),(487,529,3),(488,540,1),(489,825,5),(490,496,7),(491,95,3),(492,243,3),(493,297,5),(494,464,5),(495,718,3),(496,289,1),(497,929,5),(498,564,5),(499,823,3),(500,107,7),(501,906,2),(502,350,1),(503,928,7),(504,596,3),(505,315,2),(506,397,1),(507,921,2),(508,733,3),(509,385,7),(510,878,3),(511,105,5),(512,96,3),(513,124,7),(514,583,6),(515,121,1),(516,969,4),(517,643,3),(518,653,3),(519,511,2),(520,148,6),(521,801,1),(522,642,3),(523,291,5),(524,661,5),(525,46,1),(526,348,3),(527,649,1),(528,998,1),(529,642,1),(530,163,7),(531,973,2),(532,197,2),(533,489,7),(534,814,6),(535,313,4),(536,663,2),(537,29,6),(538,193,7),(539,905,3),(540,70,3),(541,659,5),(542,824,7),(543,596,5),(544,962,1),(545,379,4),(546,456,4),(547,625,6),(548,751,2),(549,882,7),(550,272,2),(551,94,1),(552,738,4),(553,238,7),(554,495,2),(555,155,6),(556,681,6),(557,30,6),(558,244,3),(559,34,2),(560,573,5),(561,34,3),(562,749,6),(563,953,7),(564,231,4),(565,40,5),(566,230,2),(567,500,1),(568,252,2),(569,360,6),(570,926,3),(571,746,6),(572,383,2),(573,765,7),(574,917,6),(575,817,5),(576,829,5),(577,284,4),(578,392,7),(579,811,1),(580,900,7),(581,460,3),(582,496,6),(583,695,4),(584,392,2),(585,28,1),(586,489,5),(587,331,7),(588,821,4),(589,165,5),(590,791,6),(591,929,7),(592,934,3),(593,249,6),(594,332,3),(595,455,2),(596,177,4),(597,584,4),(598,592,1),(599,172,5),(600,380,5),(601,14,3),(602,791,4),(603,332,4),(604,304,4),(605,498,4),(606,374,4),(607,38,3),(608,751,6),(609,540,2),(610,424,4),(611,331,1),(612,445,6),(613,950,1),(614,630,2),(615,3,6),(616,140,3),(617,363,5),(618,297,4),(619,353,2),(620,699,3),(621,266,6),(622,76,2),(623,653,6),(624,328,1),(625,763,7),(626,238,2),(627,206,7),(628,503,4),(629,361,4),(630,657,5),(631,103,5),(632,140,6),(633,799,1),(634,441,5),(635,785,6),(636,990,1),(637,793,2),(638,217,2),(639,177,4),(640,29,6),(641,630,3),(642,767,4),(643,892,5),(644,780,7),(645,816,5),(646,478,4),(647,380,1),(648,619,7),(649,868,2),(650,554,4),(651,795,6),(652,779,5),(653,644,7),(654,891,5),(655,426,1),(656,498,6),(657,167,6),(658,890,5),(659,262,4),(660,578,7),(661,316,1),(662,598,6),(663,560,1),(664,885,2),(665,847,1),(666,933,7),(667,187,3),(668,188,3),(669,186,1),(670,414,7),(671,333,4),(672,367,6),(673,416,1),(674,942,3),(675,244,5),(676,156,2),(677,911,4),(678,755,4),(679,674,6),(680,322,1),(681,151,3),(682,732,4),(683,584,5),(684,495,1),(685,734,5),(686,893,1),(687,864,7),(688,977,1),(689,676,6),(690,180,1),(691,240,2),(692,605,3),(693,733,6),(694,273,7),(695,515,5),(696,191,5),(697,349,1),(698,412,5),(699,431,3),(700,775,6),(701,204,2),(702,100,7),(703,982,3),(704,373,7),(705,502,7),(706,325,2),(707,900,5),(708,998,5),(709,297,4),(710,575,4),(711,75,1),(712,333,4),(713,746,2),(714,654,6),(715,701,7),(716,258,6),(717,356,1),(718,54,3),(719,956,3),(720,118,1),(721,821,2),(722,76,3),(723,371,5),(724,962,7),(725,262,5),(726,61,2),(727,430,6),(728,277,1),(729,986,3),(730,903,4),(731,772,4),(732,836,2),(733,957,3),(734,734,7),(735,998,7),(736,789,2),(737,863,6),(738,647,7),(739,767,5),(740,549,1),(741,334,5),(742,611,7),(743,398,1),(744,88,2),(745,182,1),(746,345,5),(747,182,6),(748,791,4),(749,970,5),(750,722,4),(751,947,6),(752,323,5),(753,158,3),(754,838,7),(755,729,4),(756,822,1),(757,177,6),(758,996,4),(759,717,5),(760,340,1),(761,899,4),(762,810,5),(763,914,5),(764,637,7),(765,529,1),(766,942,1),(767,235,6),(768,604,5),(769,572,4),(770,966,7),(771,724,7),(772,590,5),(773,599,1),(774,922,7),(775,586,6),(776,798,1),(777,995,4),(778,109,4),(779,18,3),(780,269,1),(781,394,7),(782,682,2),(783,980,6),(784,658,2),(785,860,3),(786,778,2),(787,197,4),(788,656,7),(789,14,1),(790,987,1),(791,311,3),(792,757,4),(793,820,7),(794,842,7),(795,729,1),(796,83,6),(797,1000,2),(798,73,4),(799,522,7),(800,97,6),(801,142,4),(802,895,7),(803,32,7),(804,216,6),(805,847,1),(806,993,5),(807,85,7),(808,854,1),(809,232,5),(810,981,2),(811,341,6),(812,835,1),(813,154,5),(814,371,2),(815,339,4),(816,181,2),(817,678,6),(818,994,4),(819,697,1),(820,3,1),(821,867,4),(822,462,7),(823,730,5),(824,766,6),(825,862,2),(826,148,5),(827,733,1),(828,267,3),(829,962,4),(830,537,6),(831,951,6),(832,149,6),(833,829,4),(834,601,4),(835,12,3),(836,953,5),(837,565,2),(838,736,4),(839,648,7),(840,270,1),(841,401,6),(842,177,7),(843,462,2),(844,971,1),(845,909,2),(846,777,6),(847,601,6),(848,922,7),(849,355,5),(850,64,4),(851,938,1),(852,975,7),(853,732,4),(854,358,4),(855,446,5),(856,300,3),(857,712,3),(858,196,1),(859,565,6),(860,59,2),(861,720,3),(862,818,2),(863,419,6),(864,839,3),(865,87,3),(866,957,6),(867,349,6),(868,935,7),(869,216,4),(870,484,3),(871,607,3),(872,357,1),(873,944,6),(874,483,3),(875,161,5),(876,685,3),(877,327,1),(878,763,5),(879,236,7),(880,521,1),(881,843,1),(882,921,1),(883,546,2),(884,754,1),(885,8,3),(886,885,5),(887,265,1),(888,347,3),(889,594,3),(890,998,3),(891,537,1),(892,411,4),(893,849,1),(894,436,4),(895,619,1);
/*!40000 ALTER TABLE `usuarios_cursos` ENABLE KEYS */;
UNLOCK TABLES;

--
-- Dumping events for database 'ensino_gameficado'
--

--
-- Dumping routines for database 'ensino_gameficado'
--
/*!50003 DROP FUNCTION IF EXISTS `exerLista` */;
/*!50003 SET @saved_cs_client      = @@character_set_client */ ;
/*!50003 SET @saved_cs_results     = @@character_set_results */ ;
/*!50003 SET @saved_col_connection = @@collation_connection */ ;
/*!50003 SET character_set_client  = utf8mb4 */ ;
/*!50003 SET character_set_results = utf8mb4 */ ;
/*!50003 SET collation_connection  = utf8mb4_0900_ai_ci */ ;
/*!50003 SET @saved_sql_mode       = @@sql_mode */ ;
/*!50003 SET sql_mode              = 'STRICT_TRANS_TABLES,NO_ENGINE_SUBSTITUTION' */ ;
DELIMITER ;;
CREATE DEFINER=`caden`@`%` FUNCTION `exerLista`(usr VARCHAR(255)) RETURNS varchar(255) CHARSET utf8mb4
    DETERMINISTIC
RETURN
(SELECT u.nome AS 'Usuário', c.nome AS 'Curso', e.nome, e.acertos, e.quant_questoes
FROM exercicios e
INNER JOIN cursos c, usuarios u
WHERE e.fk_Usuarios_ID = (SELECT ID
						  FROM usuarios
						  WHERE nome = usr AND c.ID = e.fk_Cursos_ID AND u.ID = e.fk_Usuarios_ID)) ;;
DELIMITER ;
/*!50003 SET sql_mode              = @saved_sql_mode */ ;
/*!50003 SET character_set_client  = @saved_cs_client */ ;
/*!50003 SET character_set_results = @saved_cs_results */ ;
/*!50003 SET collation_connection  = @saved_col_connection */ ;
/*!50003 DROP PROCEDURE IF EXISTS `exerLista` */;
/*!50003 SET @saved_cs_client      = @@character_set_client */ ;
/*!50003 SET @saved_cs_results     = @@character_set_results */ ;
/*!50003 SET @saved_col_connection = @@collation_connection */ ;
/*!50003 SET character_set_client  = utf8mb4 */ ;
/*!50003 SET character_set_results = utf8mb4 */ ;
/*!50003 SET collation_connection  = utf8mb4_0900_ai_ci */ ;
/*!50003 SET @saved_sql_mode       = @@sql_mode */ ;
/*!50003 SET sql_mode              = 'STRICT_TRANS_TABLES,NO_ENGINE_SUBSTITUTION' */ ;
DELIMITER ;;
CREATE DEFINER=`caden`@`%` PROCEDURE `exerLista`(usr VARCHAR(255))
BEGIN
SELECT u.nome AS 'Usuário', c.nome AS 'Curso', e.nome, e.acertos, e.quant_questoes
FROM exercicios e
INNER JOIN cursos c, usuarios u
WHERE e.fk_Usuarios_ID = (SELECT ID
						  FROM usuarios
						  WHERE nome = usr AND c.ID = e.fk_Cursos_ID AND u.ID = e.fk_Usuarios_ID);
END ;;
DELIMITER ;
/*!50003 SET sql_mode              = @saved_sql_mode */ ;
/*!50003 SET character_set_client  = @saved_cs_client */ ;
/*!50003 SET character_set_results = @saved_cs_results */ ;
/*!50003 SET collation_connection  = @saved_col_connection */ ;
/*!50003 DROP PROCEDURE IF EXISTS `insertUsuarios` */;
/*!50003 SET @saved_cs_client      = @@character_set_client */ ;
/*!50003 SET @saved_cs_results     = @@character_set_results */ ;
/*!50003 SET @saved_col_connection = @@collation_connection */ ;
/*!50003 SET character_set_client  = utf8mb4 */ ;
/*!50003 SET character_set_results = utf8mb4 */ ;
/*!50003 SET collation_connection  = utf8mb4_0900_ai_ci */ ;
/*!50003 SET @saved_sql_mode       = @@sql_mode */ ;
/*!50003 SET sql_mode              = 'STRICT_TRANS_TABLES,NO_ENGINE_SUBSTITUTION' */ ;
DELIMITER ;;
CREATE DEFINER=`caden`@`%` PROCEDURE `insertUsuarios`(uNome VARCHAR(255), uEmail VARCHAR(255), uSenha VARCHAR(255))
BEGIN
DECLARE checker BOOLEAN DEFAULT FALSE;
DECLARE CONTINUE HANDLER FOR SQLEXCEPTION SET checker = TRUE;
START TRANSACTION;
INSERT INTO usuarios
(nome, email, senha)
VALUES
(uNome, uEmail, md5(uSenha));
IF checker = FALSE THEN                                      
	SELECT 'Transação realizada com sucesso!' AS Feedback;
    COMMIT;
ELSE
	SELECT 'Falha na transação!' AS Feedback;
    ROLLBACK;
END IF;
END ;;
DELIMITER ;
/*!50003 SET sql_mode              = @saved_sql_mode */ ;
/*!50003 SET character_set_client  = @saved_cs_client */ ;
/*!50003 SET character_set_results = @saved_cs_results */ ;
/*!50003 SET collation_connection  = @saved_col_connection */ ;

--
-- Final view structure for view `ranking`
--

/*!50001 DROP VIEW IF EXISTS `ranking`*/;
/*!50001 SET @saved_cs_client          = @@character_set_client */;
/*!50001 SET @saved_cs_results         = @@character_set_results */;
/*!50001 SET @saved_col_connection     = @@collation_connection */;
/*!50001 SET character_set_client      = utf8mb4 */;
/*!50001 SET character_set_results     = utf8mb4 */;
/*!50001 SET collation_connection      = utf8mb4_0900_ai_ci */;
/*!50001 CREATE ALGORITHM=UNDEFINED */
/*!50013 DEFINER=`caden`@`%` SQL SECURITY DEFINER */
/*!50001 VIEW `ranking` AS select `usuarios`.`nome` AS `nome`,`usuarios`.`estrelas` AS `estrelas` from `usuarios` order by `usuarios`.`estrelas` desc limit 10 */;
/*!50001 SET character_set_client      = @saved_cs_client */;
/*!50001 SET character_set_results     = @saved_cs_results */;
/*!50001 SET collation_connection      = @saved_col_connection */;
/*!40103 SET TIME_ZONE=@OLD_TIME_ZONE */;

/*!40101 SET SQL_MODE=@OLD_SQL_MODE */;
/*!40014 SET FOREIGN_KEY_CHECKS=@OLD_FOREIGN_KEY_CHECKS */;
/*!40014 SET UNIQUE_CHECKS=@OLD_UNIQUE_CHECKS */;
/*!40101 SET CHARACTER_SET_CLIENT=@OLD_CHARACTER_SET_CLIENT */;
/*!40101 SET CHARACTER_SET_RESULTS=@OLD_CHARACTER_SET_RESULTS */;
/*!40101 SET COLLATION_CONNECTION=@OLD_COLLATION_CONNECTION */;
/*!40111 SET SQL_NOTES=@OLD_SQL_NOTES */;

-- Dump completed on 2022-05-18 17:33:27
